Smiles,Standard Value
C[C@H]1CC[C@H](Cn2c(N3CCO[C@H]4CCC[C@@H]43)nc3cc(-c4noc(=O)[nH]4)nc(-c4cncc(Cl)c4)c32)CC1,7.229147988
COC(C)C1CCCN1c1nc2cc(-c3noc(=O)[nH]3)nc(-c3cncc(Cl)c3)c2n1C[C@H]1CC[C@H](C)CC1,6.017276612
C[C@H]1CC[C@H](Cn2c(N3CCOCC3c3ccccc3F)nc3cc(-c4noc(=O)[nH]4)nc(-c4cncc(Cl)c4)c32)CC1,8.096910013
CC(F)(c1ccccc1F)c1nc2cc(-c3noc(=O)[nH]3)nc(-c3cncc(Cl)c3)c2n1C[C@H]1CC[C@H](C)CC1,8.698970004
Cc1cccnc1C(C)(F)c1nc2cc(-c3noc(=O)[nH]3)nc(-c3cncc(Cl)c3)c2n1C[C@H]1CC[C@H](C)CC1,9
COCC(c1ccccc1)c1nc2cc(-c3noc(=O)[nH]3)nc(-c3cncc(Cl)c3)c2n1C[C@H]1CC[C@H](C)CC1,8.698970004
C=C(C)c1nc2cc(-c3noc(=O)[nH]3)nc(-c3cncc(Cl)c3)c2n1C[C@H]1CC[C@H](C)CC1,8.15490196
CC(C)OCC(C)c1nc2cc(-c3noc(=O)[nH]3)nc(-c3cncc(Cl)c3)c2n1C[C@H]1CC[C@H](C)CC1,8.096910013
C[C@H]1CC[C@H](Cn2c(N3CCO[C@H]4CCC[C@@H]43)nc3c(Cl)c(-c4nc(=O)o[nH]4)nc(-c4cncc(Cl)c4)c32)CC1,9
Cc1cncc(-c2nc(-c3noc(=O)[nH]3)cc3nc(N4CCO[C@@H]5CCC[C@H]54)n(C[C@H]4CC[C@H](C)CC4)c23)c1,8.698970004
CO[C@@H]1CCN(c2nc3cc(-c4noc(=O)[nH]4)nc(-c4cncc(Cl)c4)c3n2C[C@H]2CC[C@H](C)CC2)[C@H](C)C1,7.795880017
C[C@H]1CC[C@H](Cn2c(N3C4CCC3C(O)C4)nc3cc(-c4noc(=O)[nH]4)nc(-c4cncc(Cl)c4)c32)CC1,7.853871964
C[C@H]1CC[C@H](Cn2c(N3CCO[C@@H]4CC(F)(F)C[C@H]43)nc3cc(-c4noc(=O)[nH]4)nc(-c4cncc(Cl)c4)c32)CC1,8.698970004
CC1CN(c2nc3cc(-c4noc(=O)[nH]4)nc(-c4cncc(Cl)c4)c3n2C[C@H]2CC[C@H](C)CC2)C2CCCC2O1,8.096910013
Cc1c(-c2noc(=O)[nH]2)nc(-c2cncc(Cl)c2)c2c1nc(N1CCO[C@@H]3CCC[C@H]31)n2C[C@H]1CC[C@H](C)CC1,8.698970004
CCOC(C)c1nc2cc(-c3noc(=O)[nH]3)nc(-c3cncc(Cl)c3)c2n1C(C)[C@H]1CC[C@H](C)CC1,8.397940009
CCC1CCC(Cn2c(N3CCO[C@@H]4CCC[C@H]43)nc3cc(-c4noc(=O)[nH]4)nc(-c4cncc(Cl)c4)c32)C1,7.795880017
C[C@H]1CC[C@H](Cn2c(N3CCN(C(=O)C4CC4)[C@@H]4CCC[C@H]43)nc3cc(-c4noc(=O)[nH]4)nc(-c4cncc(Cl)c4)c32)CC1,8.301029996
C[C@H]1CN(C(=O)C2CC2(F)F)C[C@H](C)N1c1nc2cc(-c3nc(=O)o[nH]3)nc(-c3cncc(Cl)c3)c2n1C[C@H]1CC[C@H](C)CC1,8.397940009
CCOC(c1nc2cc(-c3n[nH]c(=O)o3)nc(-c3cncc(Cl)c3)c2n1C[C@H]1CC[C@H](C)CC1)C1CCCC1,8.22184875
COCCO[C@@H]1C[C@@H](C(C)C)N(c2nc3cc(-c4noc(=O)[nH]4)nc(-c4cncc(Cl)c4)c3n2C[C@H]2CC[C@H](C)CC2)C1,9
C[C@H]1CC[C@H](Cn2c(N3CCOC4COCC43)nc3cc(-c4noc(=O)[nH]4)nc(-c4cncc(Cl)c4)c32)CC1,8.522878745
CC1N(c2nc3cc(-c4noc(=O)[nH]4)nc(-c4cncc(Cl)c4)c3n2C[C@H]2CC[C@H](C)CC2)CCOC1(C)C,7.769551079
COCC(O)(c1ccccc1)c1nc2cc(-c3noc(=O)[nH]3)nc(-c3cncc(Cl)c3)c2n1C[C@H]1CC[C@H](C)CC1,8.301029996
CCCC(COC)c1nc2cc(-c3noc(=O)[nH]3)nc(-c3cncc(Cl)c3)c2n1C[C@H]1CC[C@H](C)CC1,8.522878745
CCOCC(C)c1nc2cc(-c3noc(=O)[nH]3)nc(-c3cncc(Cl)c3)c2n1C[C@H]1CC[C@H](C)CC1,8.096910013
O=c1nc(-c2cc3nc(N4CCO[C@H]5CCC[C@@H]54)n(Cc4ccc(C(F)(F)F)cc4)c3c(-c3cncc(Cl)c3)n2)[nH]o1,7.408935393
COC1CC2CCC1N2c1nc2cc(-c3noc(=O)[nH]3)nc(-c3cncc(Cl)c3)c2n1C[C@H]1CC[C@H](C)CC1,8.045757491
C[C@H]1CC[C@H](Cn2c(N3CC(O)CC4CCCCC43)nc3cc(-c4noc(=O)[nH]4)nc(-c4cncc(Cl)c4)c32)CC1,8.301029996
CC1CSCCN1c1nc2cc(-c3noc(=O)[nH]3)nc(-c3cncc(Cl)c3)c2n1C[C@H]1CC[C@H](C)CC1,8.045757491
C[C@H]1CN(C(=O)C2CC2)CCN1c1nc2cc(-c3nc(=O)o[nH]3)nc(-c3cncc(Cl)c3)c2n1C[C@H]1CC[C@H](C)CC1,8.301029996
C[C@H]1CN(C(=O)C2CC2)C[C@H](C)N1c1nc2cc(-c3nc(=O)o[nH]3)nc(-c3cncc(Cl)c3)c2n1C[C@H]1CC[C@H](C)CC1,9
C[C@H]1CC[C@H](Cn2c(N3CCN(C(=O)C4CCC4)[C@@H]4CCC[C@H]43)nc3cc(-c4noc(=O)[nH]4)nc(-c4cncc(Cl)c4)c32)CC1,8.301029996
CCC(OCC(F)(F)F)c1nc2cc(-c3noc(=O)[nH]3)nc(-c3cncc(Cl)c3)c2n1C[C@H]1CC[C@H](C)CC1,8.698970004
COCCOC(c1nc2cc(-c3noc(=O)[nH]3)nc(-c3cncc(Cl)c3)c2n1C[C@H]1CC[C@H](C)CC1)C1CC1,8.15490196
COCC(c1nc2cc(-c3noc(=O)[nH]3)nc(-c3cncc(Cl)c3)c2n1C[C@H]1CC[C@H](C)CC1)C(C)C,8.301029996
CN(C)c1c(C(=O)O)nc(-c2cncc(Cl)c2)c2c1nc(N1CCO[C@@H]3CCC[C@H]31)n2C[C@H]1CC[C@H](C)CC1,7.619788758
COC(=O)c1cc2nc(N3CCOC[C@H]3c3ccccc3)n(C[C@H]3CC[C@H](C)CC3)c2c(-c2cncc(Cl)c2)n1,7.552841969
CCOC(c1nc2cc(-c3noc(=O)[nH]3)nc(-c3cncc(Cl)c3)c2n1C(C)[C@H]1CC[C@H](C)CC1)C1CC1,7.886056648
CCC1COCCN1c1nc2cc(-c3noc(=O)[nH]3)nc(-c3cncc(Cl)c3)c2n1C[C@H]1CC[C@H](C)CC1,8.522878745
CC1CN(c2nc3cc(-c4noc(=O)[nH]4)nc(-c4cncc(Cl)c4)c3n2C[C@H]2CC[C@H](C)CC2)C(C)CO1,7.698970004
C[C@H]1CC[C@H](Cn2c(N3CCC[C@H]3C(F)(F)F)nc3cc(C(=O)O)nc(-c4cncc(Cl)c4)c32)CC1,9
CC1CCN(c2nc3cc(-c4noc(=O)[nH]4)nc(-c4cncc(Cl)c4)c3n2C[C@H]2CC[C@H](C)CC2)C1C,8.045757491
C[C@@H]1CN(C)C(=O)CN1c1nc2cc(-c3noc(=O)[nH]3)nc(-c3cncc(Cl)c3)c2n1C[C@H]1CC[C@H](C)CC1,7.958607315
Cc1noc(C2CCCN2c2nc3cc(-c4noc(=O)[nH]4)nc(-c4cncc(Cl)c4)c3n2C[C@H]2CC[C@H](C)CC2)n1,6.935542011
COCC(C)c1nc2cc(-c3noc(=O)[nH]3)nc(-c3cncc(Cl)c3)c2n1C(C)[C@H]1CC[C@H](C)CC1,7.356547324
CC(C)C(CS(C)(=O)=O)c1nc2cc(-c3noc(=O)[nH]3)nc(-c3cncc(Cl)c3)c2n1C[C@H]1CC[C@H](C)CC1,8.301029996
Cc1c(C(=O)O)nc(N[C@H](C)C2CCC2)c2c1nc(-c1cc(C(C)C)ccn1)n2Cc1ccc(C(F)(F)F)cc1,7.22184875
C[C@@H]1COC[C@@H](C)N1c1nc2cc(-c3noc(=O)[nH]3)nc(-c3cncc(Cl)c3)c2n1C[C@H]1CC[C@H](C)CC1,8.698970004
CCOC(CC)c1nc2cc(-c3noc(=O)[nH]3)nc(-c3cncc(Cl)c3)c2n1C[C@H]1CC[C@H](C)CC1,8.397940009
COCCOc1ncc(Cl)cc1-c1nc(-c2noc(=O)[nH]2)cc2nc(N3CCO[C@@H]4CCC[C@H]43)n(C[C@H]3CC[C@H](C)CC3)c12,9
C[C@H]1CC[C@H](Cn2c(N3CCOC[C@H]3c3ccccc3)nc3cc(-c4noc(=O)[nH]4)nc(-c4cc(Cl)c[nH]c4=O)c32)CC1,9
C[C@H]1CC[C@H](Cn2c(N3CCOC4CCCCC43)nc3cc(-c4noc(=O)[nH]4)nc(-c4cncc(Cl)c4)c32)CC1,9
CO[C@@H]1C[C@@H](C)N(c2nc3cc(-c4noc(=O)[nH]4)nc(-c4cncc(Cl)c4)c3n2C[C@H]2CC[C@H](C)CC2)C1,8.397940009
CN(C)C(=O)[C@H]1CCCN1c1nc2cc(-c3noc(=O)[nH]3)nc(-c3cncc(Cl)c3)c2n1C[C@H]1CC[C@H](C)CC1,7.26760624
CCc1noc(C)c1C1CCCN1c1nc2cc(-c3noc(=O)[nH]3)nc(-c3cncc(Cl)c3)c2n1C[C@H]1CC[C@H](C)CC1,7.769551079
C[C@H]1CC[C@H](Cn2c(N3CCC[C@H]3C(F)F)nc3cc(-c4noc(=O)[nH]4)nc(-c4cncc(Cl)c4)c32)CC1,9
CN(CC(F)(F)F)c1nc2cc(-c3noc(=O)[nH]3)nc(-c3cncc(Cl)c3)c2n1C[C@H]1CC[C@H](C)CC1,9
CO[C@H]1CCN(c2nc3cc(-c4noc(=O)[nH]4)nc(-c4cncc(Cl)c4)c3n2C[C@H]2CC[C@H](C)CC2)[C@H](C)C1,7.744727495
C[C@H]1CC[C@H](Cn2c(N3CCO[C@@H]4CN(C(=O)OCc5ccccc5)CC[C@H]43)nc3cc(-c4noc(=O)[nH]4)nc(-c4cncc(Cl)c4)c32)CC1,6.602059991
C[C@H]1CC[C@H](Cn2c(NCc3ccccc3)nc3cc(-c4noc(=O)[nH]4)nc(-c4cncc(Cl)c4)c32)CC1,8.301029996
COCC(C)Nc1nc2cc(-c3noc(=O)[nH]3)nc(-c3cncc(Cl)c3)c2n1C[C@H]1CC[C@H](C)CC1,7.853871964
CCCC(=O)N1C[C@H](C)N(c2nc3cc(-c4nc(=O)o[nH]4)nc(-c4cncc(Cl)c4)c3n2C[C@H]2CC[C@H](C)CC2)[C@@H](C)C1,8.522878745
CC(=O)N1CCN(c2nc3cc(-c4noc(=O)[nH]4)nc(-c4cncc(Cl)c4)c3n2C[C@H]2CC[C@H](C)CC2)C(C)C1C,7.086186148
CC(C)C(=O)N1C[C@@H](C)N(c2nc3cc(-c4noc(=O)[nH]4)nc(-c4cncc(Cl)c4)c3n2C[C@H]2CC[C@H](C)CC2)[C@H](C)C1,8.522878745
C[C@H]1CN(C(=O)C2(F)CC2)C[C@H](C)N1c1nc2cc(-c3nc(=O)o[nH]3)nc(-c3cncc(Cl)c3)c2n1C[C@H]1CC[C@H](C)CC1,9
CCOC(c1nc2cc(-c3noc(=O)[nH]3)nc(-c3cncc(Cl)c3)c2n1C[C@H]1CC[C@H](C)CC1)C1CCCC1,8.698970004
CCOC(c1nc2cc(-c3noc(=O)[nH]3)nc(-c3cncc(Cl)c3)c2n1C[C@H]1CC[C@H](C)CC1)C1CC1,9
CCOC(c1cscn1)c1nc2cc(-c3noc(=O)[nH]3)nc(-c3cncc(Cl)c3)c2n1C[C@H]1CC[C@H](C)CC1,8.698970004
C[C@H]1CC[C@H](Cn2c(C(OCC(F)(F)F)c3ccccn3)nc3cc(-c4noc(=O)[nH]4)nc(-c4cncc(Cl)c4)c32)CC1,8.522878745
CC(F)(c1ncccc1F)c1nc2cc(-c3noc(=O)[nH]3)nc(-c3cncc(Cl)c3)c2n1C[C@H]1CC[C@H](C)CC1,8.045757491
CC(F)(c1ccncc1F)c1nc2cc(-c3noc(=O)[nH]3)nc(-c3cncc(Cl)c3)c2n1C[C@H]1CC[C@H](C)CC1,9
CC(F)(c1ccccn1)c1nc2cc(-c3noc(=O)[nH]3)nc(-c3cncc(Cl)c3)c2n1C[C@H]1CC[C@H](C)CC1,8.522878745
CC(c1ncccc1F)c1nc2cc(-c3noc(=O)[nH]3)nc(-c3cncc(Cl)c3)c2n1C[C@H]1CC[C@H](C)CC1,8.397940009
C=C(CCC)c1nc2cc(-c3noc(=O)[nH]3)nc(-c3cncc(Cl)c3)c2n1C[C@H]1CC[C@H](C)CC1,8.698970004
COCC(C)c1nc2cc(-c3noc(=O)[nH]3)nc(-c3cncc(Cl)c3)c2n1C[C@H]1CC[C@H](C)CC1,7.958607315
Cn1[nH]c(-c2cc3nc(N4CCC[C@H]4CF)n(C[C@H]4CC[C@H](C)CC4)c3c(-c3cncc(Cl)c3)n2)nc1=O,7.698970004
CC([C@H]1CC[C@H](C)CC1)n1c(N2CCN(C(=O)C3(F)CC3)C[C@@H]2C)nc2cc(-c3nc(=O)o[nH]3)nc(-c3cncc(Cl)c3)c21,9
CC[C@H]1CC[C@H](Cn2c(N3CCO[C@H]4CCC[C@@H]43)nc3cc(-c4nc(=O)o[nH]4)nc(-c4cncc(Cl)c4)c32)CC1,8.301029996
Cc1ncc(Cl)cc1-c1nc(-c2noc(=O)[nH]2)cc2nc(N3CCO[C@H]4CCC[C@@H]43)n(C[C@H]3CC[C@H](C)CC3)c12,7.48148606
COc1ncc(Cl)cc1-c1nc(-c2noc(=O)[nH]2)cc2nc(N3CCO[C@H]4CCC[C@@H]43)n(C[C@H]3CC[C@H](C)CC3)c12,7.619788758
C[C@H]1CC[C@H](Cn2c(N3CCOC[C@H]3c3ccccc3)nc3cc(-c4n[nH]c(=O)o4)nc(-c4cncc(Cl)c4)c32)CC1,9
C[C@H]1CC[C@H](Cn2c(N3CCC[C@H]3CF)nc3cc(-c4noc(=O)[nH]4)nc(-c4cncc(Cl)c4)c32)CC1,9
C[C@H]1CC[C@H](Cn2c(N3CCOC[C@H]3c3ccccc3)nc3cc(C(=O)O)nc(-c4cncc(Cl)c4)c32)CC1,9
C[C@H]1COC[C@H](C)N1c1nc2cc(-c3noc(=O)[nH]3)nc(-c3cncc(Cl)c3)c2n1C[C@H]1CC[C@H](C)CC1,6.804100348
CC1COCCCN1c1nc2cc(-c3noc(=O)[nH]3)nc(-c3cncc(Cl)c3)c2n1C[C@H]1CC[C@H](C)CC1,7.795880017
C[C@@H]1CC[C@@H](C)N1c1nc2cc(-c3noc(=O)[nH]3)nc(-c3cncc(Cl)c3)c2n1C[C@H]1CC[C@H](C)CC1,8.698970004
C[C@H]1CC[C@H](Cn2c(N3CCC[C@H]3CF)nc3cc(C(=O)O)nc(-c4cncc(Cl)c4)c32)CC1,8.522878745
COC1CC[C@@H](C)N(c2nc3cc(-c4noc(=O)[nH]4)nc(-c4cncc(Cl)c4)c3n2C[C@H]2CC[C@H](C)CC2)C1,8.522878745
CO[C@@H]1C[C@H](CF)N(c2nc3cc(-c4noc(=O)[nH]4)nc(-c4cncc(Cl)c4)c3n2C[C@H]2CC[C@H](C)CC2)C1,6.452225295
COCCN(C)c1nc2cc(-c3noc(=O)[nH]3)nc(-c3cncc(Cl)c3)c2n1C[C@H]1CC[C@H](C)CC1,7.387216143
CC(C)[C@@H]1C[C@](C)(O)CN1c1nc2cc(-c3noc(=O)[nH]3)nc(-c3cncc(Cl)c3)c2n1C[C@H]1CC[C@H](C)CC1,9
CO[C@@H]1C[C@@H](C2(OC)CC2)N(c2nc3cc(-c4noc(=O)[nH]4)nc(-c4cncc(Cl)c4)c3n2C[C@H]2CC[C@H](C)CC2)C1,8.698970004
CCN1C(=O)CN(c2nc3cc(-c4noc(=O)[nH]4)nc(-c4cncc(Cl)c4)c3n2C[C@H]2CC[C@H](C)CC2)[C@@H]2CCC[C@H]21,8.397940009
C[C@H]1CC[C@H](Cn2c(N3CCOC4CCOCC43)nc3cc(-c4noc(=O)[nH]4)nc(-c4cncc(Cl)c4)c32)CC1,7.677780705
CC1CN(c2nc3cc(-c4noc(=O)[nH]4)nc(-c4cncc(Cl)c4)c3n2C[C@H]2CC[C@H](C)CC2)C2COCCC2O1,7.200659451
CC1CN(c2nc3cc(-c4nc(=O)o[nH]4)nc(-c4cncc(Cl)c4)c3n2C[C@H]2CC[C@H](C)CC2)[C@@H](C)[C@H](C)O1,7.769551079
CC([C@H]1CC[C@H](C)CC1)n1c(N2CCO[C@@H]3CCC[C@H]32)nc2cc(-c3noc(=O)[nH]3)nc(-c3cncc(Cl)c3)c21,9
C[C@@H]1CN(C(=O)C2CCC2)C[C@@H](C)N1c1nc2cc(-c3noc(=O)[nH]3)nc(-c3cncc(Cl)c3)c2n1C[C@H]1CC[C@H](C)CC1,9
O=c1nc(-c2cc3nc(N4CCO[C@H]5CCC[C@@H]54)n(Cc4ccc(C(F)(F)F)c(F)c4)c3c(-c3cncc(Cl)c3)n2)[nH]o1,6.612610174
CCC(CS(C)(=O)=O)c1nc2cc(-c3noc(=O)[nH]3)nc(-c3cncc(Cl)c3)c2n1C[C@H]1CC[C@H](C)CC1,8.15490196
CC(Oc1nc(-c2noc(=O)[nH]2)cc2nc(N3CCOC[C@H]3c3ccccc3)n(C[C@H]3CC[C@H](C)CC3)c12)C1CCC1,7.552841969
C[C@H]1CC[C@H](Cn2c(N3CCO[C@@H]4CCC[C@H]43)nc3cc(-c4n[nH]c(=O)o4)nc(-c4cncc(Cl)c4)c32)CC1,8.698970004
C[C@H]1CC[C@H](Cn2c(N3CCCC4CCCC43)nc3cc(-c4noc(=O)[nH]4)nc(-c4cncc(Cl)c4)c32)CC1,9
C[C@H]1CCCCN1c1nc2cc(-c3nc(=O)o[nH]3)nc(-c3cncc(Cl)c3)c2n1C[C@H]1CC[C@H](C)CC1,8.397940009
Cn1cc(C2CCCN2c2nc3cc(-c4noc(=O)[nH]4)nc(-c4cncc(Cl)c4)c3n2C[C@H]2CC[C@H](C)CC2)nn1,7.886056648
C[C@H]1CC[C@H](Cn2c(N3CCO[C@@H]4CN(Cc5ccccc5)CC[C@H]43)nc3cc(-c4noc(=O)[nH]4)nc(-c4cncc(Cl)c4)c32)CC1,6.88941029
C[C@H]1CC[C@H](Cn2c(N3CCO[C@@H]4CC(F)C[C@H]43)nc3cc(-c4noc(=O)[nH]4)nc(-c4cncc(Cl)c4)c32)CC1,8.397940009
CC1CN(c2nc3cc(-c4noc(=O)[nH]4)nc(-c4cncc(Cl)c4)c3n2C[C@H]2CC[C@H](C)CC2)C2CCCCC2O1,8.522878745
C[C@@H]1CN(S(C)(=O)=O)C[C@@H](C)N1c1nc2cc(-c3noc(=O)[nH]3)nc(-c3cncc(Cl)c3)c2n1C[C@H]1CC[C@H](C)CC1,8.522878745
COCC(=O)N1C[C@H](C)N(c2nc3cc(-c4nc(=O)o[nH]4)nc(-c4cncc(Cl)c4)c3n2C[C@H]2CC[C@H](C)CC2)[C@@H](C)C1,8
Cn1cnc(C2CCCN2c2nc3cc(-c4noc(=O)[nH]4)nc(-c4cncc(Cl)c4)c3n2C[C@H]2CC[C@H](C)CC2)n1,7.920818754
Cc1noc(C)c1C1CCCN1c1nc2cc(-c3noc(=O)[nH]3)nc(-c3cncc(Cl)c3)c2n1C[C@H]1CC[C@H](C)CC1,7.958607315
C[C@H]1CC[C@H](Cn2c(N3CCOC[C@H]3c3ccccc3)nc3cc(-c4noc(=O)[nH]4)nc(-c4cccc(Cl)c4)c32)CC1,8.522878745
C[C@H]1CC[C@H](Cn2c(N3CCO[C@H]4CCC[C@@H]43)nc3cc(-c4n[nH]c(=O)o4)nc(-c4cncc(Cl)c4)c32)CC1,6.785156152
C[C@@H]1COCCN1c1nc2cc(-c3noc(=O)[nH]3)nc(-c3cncc(Cl)c3)c2n1C[C@H]1CC[C@H](C)CC1,8.397940009
C[C@H]1CC[C@H](Cn2c(N3CCOC4CC43)nc3cc(-c4noc(=O)[nH]4)nc(-c4cncc(Cl)c4)c32)CC1,7.366531544
CCC(C)(C)C1CCCN1c1nc2cc(-c3noc(=O)[nH]3)nc(-c3cncc(Cl)c3)c2n1C[C@H]1CC[C@H](C)CC1,8.698970004
Cc1nonc1C1CCCN1c1nc2cc(-c3noc(=O)[nH]3)nc(-c3cncc(Cl)c3)c2n1C[C@H]1CC[C@H](C)CC1,7.096910013
C[C@H]1CC[C@H](Cn2c(N3CCO[C@H]4CCC[C@@H]43)nc3cc(C(=O)O)nc(-c4cncc(Cl)c4)c32)CC1,8.698970004
CCOC(c1nc2cc(-c3noc(=O)[nH]3)nc(-c3cncc(Cl)c3)c2n1C[C@H]1CC[C@H](C)CC1)C1CCOCC1,8.698970004
C[C@H]1CC[C@H](Cn2c(C(O)c3ccc(F)cc3F)nc3cc(-c4noc(=O)[nH]4)nc(-c4cncc(Cl)c4)c32)CC1,7.721246399
CCOC(c1cccnc1)c1nc2cc(-c3noc(=O)[nH]3)nc(-c3cncc(Cl)c3)c2n1C[C@H]1CC[C@H](C)CC1,8.301029996
CCOC(c1ccn(C)n1)c1nc2cc(-c3noc(=O)[nH]3)nc(-c3cncc(Cl)c3)c2n1C[C@H]1CC[C@H](C)CC1,8.522878745
C[C@H]1CC[C@H](Cn2c(C(=O)c3ccccc3F)nc3cc(-c4noc(=O)[nH]4)nc(-c4cncc(Cl)c4)c32)CC1,8.698970004
C=C(c1ccccc1)c1nc2cc(-c3noc(=O)[nH]3)nc(-c3cncc(Cl)c3)c2n1C[C@H]1CC[C@H](C)CC1,8.397940009
COc1c(-c2noc(=O)[nH]2)nc(-c2cncc(Cl)c2)c2c1nc(N1CCO[C@@H]3CCC[C@H]31)n2C[C@H]1CC[C@H](C)CC1,9
COc1ncc(Cl)cc1-c1nc(-c2noc(=O)[nH]2)cc2nc(N3CCO[C@@H]4CCC[C@H]43)n(C[C@H]3CC[C@H](C)CC3)c12,9
Cc1cncc(-c2nc(-c3noc(=O)[nH]3)cc3nc(N4CCO[C@H]5CCC[C@@H]54)n(C[C@H]4CC[C@H](C)CC4)c23)c1,6.677780705
C[C@H]1CC[C@H](Cn2c(N3CCOC[C@H]3c3ccccc3)nc3cc(-c4cccc(=O)[nH]4)nc(-c4cncc(Cl)c4)c32)CC1,7.15490196
CCn1nccc1C1CCCN1c1nc2cc(-c3noc(=O)[nH]3)nc(-c3cncc(Cl)c3)c2n1C[C@H]1CC[C@H](C)CC1,8.522878745
CN1C(=O)CN(c2nc3cc(-c4noc(=O)[nH]4)nc(-c4cncc(Cl)c4)c3n2C[C@H]2CC[C@H](C)CC2)[C@H]2CCC[C@@H]21,7.494850022
C[C@H]1CC[C@H](Cn2c(N3CCCC4COCCC43)nc3cc(-c4noc(=O)[nH]4)nc(-c4cncc(Cl)c4)c32)CC1,7.537602002
CN(c1ccccc1)c1nc2cc(C(=O)O)nc(-c3cncc(Cl)c3)c2n1C[C@H]1CC[C@H](C)CC1,7.065501549
CC([C@H]1CC[C@H](C)CC1)n1c(N2CCOC[C@H]2C)nc2cc(-c3noc(=O)[nH]3)nc(-c3cncc(Cl)c3)c21,8.522878745
CO[C@H]1C[C@H](C)N(c2nc3cc(-c4nc(=O)o[nH]4)nc(-c4cncc(Cl)c4)c3n2C(C)[C@H]2CC[C@H](C)CC2)C1,8.522878745
C[C@H]1CC[C@H](Cn2c(N3CCC34COC4)nc3cc(-c4noc(=O)[nH]4)nc(-c4cncc(Cl)c4)c32)CC1,7.721246399
CCN(CCOC)c1nc2cc(-c3noc(=O)[nH]3)nc(-c3cncc(Cl)c3)c2n1C[C@H]1CC[C@H](C)CC1,7.958607315
COC[C@@H]1CC[C@@H](COC)N1c1nc2cc(-c3noc(=O)[nH]3)nc(-c3cncc(Cl)c3)c2n1C[C@H]1CC[C@H](C)CC1,8.698970004
CCC1CN(C)C(=O)CN1c1nc2cc(-c3noc(=O)[nH]3)nc(-c3cncc(Cl)c3)c2n1C[C@H]1CC[C@H](C)CC1,8.045757491
C[C@H]1CC[C@H](Cn2c(N3CCO[C@@H]4CNCC[C@H]43)nc3cc(-c4noc(=O)[nH]4)nc(-c4cncc(Cl)c4)c32)CC1,6.290730039
COC[C@@H]1CCCN1c1nc2cc(-c3noc(=O)[nH]3)nc(-c3cncc(Cl)c3)c2n1C[C@H]1CC[C@H](C)CC1,8.522878745
CO[C@@H]1C[C@@H](C(F)F)N(c2nc3cc(-c4noc(=O)[nH]4)nc(-c4cncc(Cl)c4)c3n2C[C@H]2CC[C@H](C)CC2)C1,9
CCOC(c1nc2cc(-c3n[nH]c(=O)[nH]3)nc(-c3cncc(Cl)c3)c2n1C[C@H]1CC[C@H](C)CC1)C1CCCC1,8.522878745
C[C@H]1CC[C@H](Cn2c(N3CCO[C@@H]4CCC[C@H]43)nc3cc(-c4noc(=O)[nH]4)nc(-c4cc(Cl)c[nH]c4=O)c32)CC1,8.698970004
C[C@H]1CC[C@H](Cn2c(N3CCOC[C@H]3c3ccccc3)nc3cc(-c4noc(=O)[nH]4)nc(-c4cccnn4)c32)CC1,6.950781977
CSCC(C)c1nc2cc(-c3noc(=O)[nH]3)nc(-c3cncc(Cl)c3)c2n1C[C@H]1CC[C@H](C)CC1,8.15490196
C[C@H]1CC[C@H](Cn2c(N3CCOC4CCCCC43)nc3cc(-c4n[nH]c(=O)o4)nc(-c4cncc(Cl)c4)c32)CC1,8.15490196
C[C@H]1CC[C@H](Cn2c(N3CCC[C@H]3C(F)(F)F)nc3cc(-c4n[nH]c(=O)o4)nc(-c4cncc(Cl)c4)c32)CC1,8.698970004
COCC(C)N(C)c1nc2cc(-c3noc(=O)[nH]3)nc(-c3cncc(Cl)c3)c2n1C[C@H]1CC[C@H](C)CC1,7.37675071
C[C@H]1CC[C@H](Cn2c(N3CCOC[C@H]3c3ccccc3)nc3cc(-c4noc(=O)[nH]4)nc(-c4cnccn4)c32)CC1,6.924453039
CC(C)c1ccnc(-c2nc3cc(C(=O)O)nc(N[C@H](C)C4CCC4)c3n2Cc2ccc(C(F)(F)F)cc2)c1,7.537602002
C[C@H]1CC[C@H](Cn2c(N3CCCC3C(F)(F)F)nc3cc(-c4noc(=O)[nH]4)nc(-c4cncc(Cl)c4)c32)CC1,9
COC(C)(C)[C@@H]1CCCN1c1nc2cc(-c3n[nH]c(=O)o3)nc(-c3cncc(Cl)c3)c2n1C[C@H]1CC[C@H](C)CC1,8.698970004
CC[C@@H]1[C@@H](C)OCCN1c1nc2cc(-c3noc(=O)[nH]3)nc(-c3cncc(Cl)c3)c2n1C[C@H]1CC[C@H](C)CC1,9
CCC(=O)N1C[C@@H](C)N(c2nc3cc(-c4noc(=O)[nH]4)nc(-c4cncc(Cl)c4)c3n2C[C@H]2CC[C@H](C)CC2)[C@H](C)C1,8.522878745
CC(C)OC(=O)N1C[C@H](C)N(c2nc3cc(-c4nc(=O)o[nH]4)nc(-c4cncc(Cl)c4)c3n2C[C@H]2CC[C@H](C)CC2)[C@@H](C)C1,8.522878745
Cn1ncnc1C1CCCN1c1nc2cc(-c3noc(=O)[nH]3)nc(-c3cncc(Cl)c3)c2n1C[C@H]1CC[C@H](C)CC1,7.677780705
CCNC(=O)[C@@H]1CCCN1c1nc2cc(-c3noc(=O)[nH]3)nc(-c3cncc(Cl)c3)c2n1C[C@H]1CC[C@H](C)CC1,7.301029996
CN(c1ccccc1)c1nc2cc(-c3noc(=O)[nH]3)nc(-c3cncc(Cl)c3)c2n1C[C@H]1CC[C@H](C)CC1,6.879426069
C[C@H]1CC[C@H](Cn2c(Nc3ccccc3)nc3cc(-c4noc(=O)[nH]4)nc(-c4cncc(Cl)c4)c32)CC1,7.744727495
CC([C@H]1CC[C@H](C)CC1)n1c(N2C[C@@H](O)C[C@@H]2C)nc2cc(-c3nc(=O)o[nH]3)nc(-c3cncc(Cl)c3)c21,8.397940009
C[C@H]1CC[C@H](Cn2c(N3CCN(C(=O)C(F)F)[C@@H]4CCC[C@H]43)nc3cc(-c4noc(=O)[nH]4)nc(-c4cncc(Cl)c4)c32)CC1,8.522878745
CCOC(c1ccccc1)c1nc2cc(-c3noc(=O)[nH]3)nc(-c3cncc(Cl)c3)c2n1C[C@H]1CC[C@H](C)CC1,9
CCOC(c1ccccn1)c1nc2cc(-c3noc(=O)[nH]3)nc(-c3cncc(Cl)c3)c2n1C[C@H]1CC[C@H](C)CC1,8.22184875
C[C@H]1CC[C@H](Cn2c(N3CCOC[C@H]3c3ccccc3)nc3c(Br)c(-c4noc(=O)[nH]4)nc(-c4cncc(Cl)c4)c32)CC1,8.698970004
CCOC(COC)c1nc2cc(-c3noc(=O)[nH]3)nc(-c3cncc(Cl)c3)c2n1C(C)[C@H]1CC[C@H](C)CC1,8.301029996
C[C@H]1CC[C@H](Cn2c(N3CCC[C@H]3CF)nc3cc(-c4n[nH]c(=O)[nH]4)nc(-c4cncc(Cl)c4)c32)CC1,8
CN(C)c1ncc(Cl)cc1-c1nc(-c2noc(=O)[nH]2)cc2nc(N3CCO[C@@H]4CCC[C@H]43)n(C[C@H]3CC[C@H](C)CC3)c12,8.698970004
C[C@H]1C[C@H](O)CN1c1nc2cc(-c3nc(=O)o[nH]3)nc(-c3cncc(Cl)c3)c2n1C[C@H]1CC[C@H](C)CC1,8.22184875
C[C@H]1CC[C@H](Cn2c(N3CCO[C@H]4CCC[C@@H]43)nc3cc(-c4nn[nH]n4)nc(-c4cncc(Cl)c4)c32)CC1,9
CC1OCCN(c2nc3cc(-c4noc(=O)[nH]4)nc(-c4cncc(Cl)c4)c3n2C[C@H]2CC[C@H](C)CC2)C1C,8.301029996
COC(C)(C)CN(C)c1nc2cc(-c3noc(=O)[nH]3)nc(-c3cncc(Cl)c3)c2n1C[C@H]1CC[C@H](C)CC1,8.045757491
CC1CN(c2nc3cc(-c4noc(=O)[nH]4)nc(-c4cncc(Cl)c4)c3n2C[C@H]2CC[C@H](C)CC2)C(c2ccccc2)CO1,8.698970004
CC(Nc1nc2cc(-c3noc(=O)[nH]3)nc(-c3cncc(Cl)c3)c2n1C[C@H]1CC[C@H](C)CC1)c1ccccn1,8.698970004
C[C@H]1CC[C@H](Cn2c(N3CCCOC4CCCC43)nc3cc(-c4noc(=O)[nH]4)nc(-c4cncc(Cl)c4)c32)CC1,9
CO[C@@H]1C[C@@H](CF)N(c2nc3cc(-c4noc(=O)[nH]4)nc(-c4cncc(Cl)c4)c3n2C(C)[C@H]2CC[C@H](C)CC2)C1,9
CC1CO[C@@H]2CCC[C@H]2N1c1nc2cc(-c3noc(=O)[nH]3)nc(-c3cncc(Cl)c3)c2n1C[C@H]1CC[C@H](C)CC1,9
CC1C(C)N(c2nc3cc(-c4noc(=O)[nH]4)nc(-c4cncc(Cl)c4)c3n2C[C@H]2CC[C@H](C)CC2)CCN1C(=O)C1CC1,7.167491087
CC(=O)N1CCN(c2nc3cc(-c4noc(=O)[nH]4)nc(-c4cncc(Cl)c4)c3n2C[C@H]2CC[C@H](C)CC2)[C@@H]2CCC[C@H]21,8.397940009
CC(C)[C@@H]1C[C@@H](O)CN1c1nc2cc(-c3noc(=O)[nH]3)nc(-c3cncc(Cl)c3)c2n1C[C@H]1CC[C@H](C)CC1,9
CC[C@H]1CC[C@H](Cn2c(N3CCO[C@H]4CCC[C@@H]43)nc3cc(-c4nnc(O)o4)nc(-c4cncc(Cl)c4)c32)CC1,7.602059991
C[C@H]1CC[C@H](Cn2c(N3CCO[C@@H]4CCC[C@H]43)nc3cc(-c4noc(=O)[nH]4)nc(-c4cncc(Cl)c4)c32)CC1,9
CC(C)C1CCCN1c1nc2cc(-c3noc(=O)[nH]3)nc(-c3cncc(Cl)c3)c2n1C[C@H]1CC[C@H](C)CC1,9
CC(C)OCC1CCCN1c1nc2cc(-c3noc(=O)[nH]3)nc(-c3cncc(Cl)c3)c2n1C[C@H]1CC[C@H](C)CC1,8.698970004
C[C@H]1CC[C@H](Cn2c(N3CCCC34CCOCC4)nc3cc(-c4noc(=O)[nH]4)nc(-c4cncc(Cl)c4)c32)CC1,8.522878745
CCN(C)C(=O)[C@@H]1CCCN1c1nc2cc(-c3noc(=O)[nH]3)nc(-c3cncc(Cl)c3)c2n1C[C@H]1CC[C@H](C)CC1,8.15490196
CN(Cc1ccccc1)c1nc2cc(-c3noc(=O)[nH]3)nc(-c3cncc(Cl)c3)c2n1C[C@H]1CC[C@H](C)CC1,7.721246399
CC(C)NC(=O)N1C[C@H](C)N(c2nc3cc(-c4nc(=O)o[nH]4)nc(-c4cncc(Cl)c4)c3n2C[C@H]2CC[C@H](C)CC2)[C@@H](C)C1,8.522878745
C[C@H]1CN(C(=O)C2(C)COC2)C[C@H](C)N1c1nc2cc(-c3nc(=O)o[nH]3)nc(-c3cncc(Cl)c3)c2n1C[C@H]1CC[C@H](C)CC1,7.958607315
O=c1[nH]c(-c2cc3nc(N4CCO[C@@H]5CCC[C@H]54)n(C[C@H]4CC[C@H](C(F)(F)F)CC4)c3c(-c3cncc(Cl)c3)n2)no1,7.420216403
CC([C@H]1CC[C@H](C)CC1)n1c(N2CC(=O)N(C)C[C@H]2C)nc2cc(-c3noc(=O)[nH]3)nc(-c3cncc(Cl)c3)c21,7.886056648
C[C@H]1CC[C@H](Cn2c(N3CCOC[C@H]3c3ccccc3)nc3cc(-c4noc(=O)[nH]4)nc(-c4cncnc4)c32)CC1,7.187086643
C[C@H]1CC[C@H](Cn2c(N3CCCC34CCC4)nc3cc(-c4noc(=O)[nH]4)nc(-c4cncc(Cl)c4)c32)CC1,8.096910013
CN(C)C(=O)[C@@H]1CCCN1c1nc2cc(-c3noc(=O)[nH]3)nc(-c3cncc(Cl)c3)c2n1C[C@H]1CC[C@H](C)CC1,7.853871964
CCCN(CCOC)c1nc2cc(-c3noc(=O)[nH]3)nc(-c3cncc(Cl)c3)c2n1C[C@H]1CC[C@H](C)CC1,8.045757491
C[C@H]1CN(C(=O)C(F)F)C[C@H](C)N1c1nc2cc(-c3nc(=O)o[nH]3)nc(-c3cncc(Cl)c3)c2n1C[C@H]1CC[C@H](C)CC1,8.397940009
CCOC(C)c1nc2cc(-c3noc(=O)[nH]3)nc(-c3cncc(Cl)c3)c2n1C[C@H]1CC[C@H](C)CC1,8.045757491
C[C@H]1CC[C@H](Cn2c(N3CCC[C@H]3c3nccs3)nc3cc(-c4noc(=O)[nH]4)nc(-c4cncc(Cl)c4)c32)CC1,9
C[C@H]1CC[C@H](Cn2c(N3CCO[C@H]4CCC[C@@H]43)nc3c(F)c(-c4nc(=O)o[nH]4)nc(-c4cncc(Cl)c4)c32)CC1,9
CS(=O)(=O)Nc1cc2nc(N3CCOC[C@H]3c3ccccc3)n(C[C@H]3CC[C@H](C)CC3)c2c(-c2cncc(Cl)c2)n1,6.913640169
C[C@H]1CC[C@H](Cn2c(N3CCO[C@@H]4CCC[C@H]43)nc3cc(-c4noc(=O)[nH]4)nc(-c4cc(Cl)cnc4OCCO)c32)CC1,9
C[C@H]1CC[C@H](Cn2c(N3CCC[C@H]3CF)nc3cc(-c4n[nH]c(=O)o4)nc(-c4cncc(Cl)c4)c32)CC1,8.397940009
Cc1ncc(Cl)cc1-c1nc(-c2noc(=O)[nH]2)cc2nc(N3CCO[C@@H]4CCC[C@H]43)n(C[C@H]3CC[C@H](C)CC3)c12,9
CCOC(COC)c1nc2cc(-c3noc(=O)[nH]3)nc(-c3cncc(Cl)c3)c2n1C[C@H]1CC[C@H](C)CC1,8.045757491
CC(F)(c1ccc(F)cc1F)c1nc2cc(-c3noc(=O)[nH]3)nc(-c3cncc(Cl)c3)c2n1C[C@H]1CC[C@H](C)CC1,8.698970004
CN(C)C(=O)c1cc2nc(N3CCOC[C@H]3c3ccccc3)n(C[C@H]3CC[C@H](C)CC3)c2c(-c2cncc(Cl)c2)n1,6.756961951
C[C@H]1CC[C@H](Cn2c(N3CCC[C@H]3C(F)(F)F)nc3cc(-c4nnn[nH]4)nc(-c4cncc(Cl)c4)c32)CC1,9
CCOC(=O)c1cc2nc(N3CCOC[C@H]3c3ccccc3)n(C[C@H]3CC[C@H](C)CC3)c2c(-c2cncc(Cl)c2)n1,7.27572413
CNc1ncc(Cl)cc1-c1nc(-c2nc(=O)o[nH]2)cc2nc(N3CCO[C@H]4CCC[C@@H]43)n(C[C@H]3CC[C@H](C)CC3)c12,8.698970004
C[C@H]1CC[C@H](Cn2c(N3CCOC4CCCC43)nc3cc(-c4noc(=O)[nH]4)nc(-c4cncc(Cl)c4)c32)CC1,8.698970004
C[C@@H]1COC[C@@H](C)N1c1nc2cc(-c3n[nH]c(=O)o3)nc(-c3cncc(Cl)c3)c2n1C[C@H]1CC[C@H](C)CC1,8.15490196
C[C@H]1CC[C@H](Cn2c(N3CCC4C3C4C(F)(F)F)nc3cc(-c4noc(=O)[nH]4)nc(-c4cncc(Cl)c4)c32)CC1,7.494850022
CCNC(=O)N1C[C@@H](C)N(c2nc3cc(-c4noc(=O)[nH]4)nc(-c4cncc(Cl)c4)c3n2C[C@H]2CC[C@H](C)CC2)[C@H](C)C1,8.522878745
CCN(C)C(=O)N1C[C@@H](C)N(c2nc3cc(-c4noc(=O)[nH]4)nc(-c4cncc(Cl)c4)c3n2C[C@H]2CC[C@H](C)CC2)[C@H](C)C1,9
CCOC(CO)c1nc2cc(-c3noc(=O)[nH]3)nc(-c3cncc(Cl)c3)c2n1C[C@H]1CC[C@H](C)CC1,7.823908741
CCC(CSC)c1nc2cc(-c3noc(=O)[nH]3)nc(-c3cncc(Cl)c3)c2n1C[C@H]1CC[C@H](C)CC1,8.698970004
CC(C)c1ccnc(-c2nc3cc(C(=O)O)nc(N[C@H](C)C4CCC4)c3n2C[C@H]2CC[C@H](C)CC2)c1,8.397940009
CC(C)[C@H]1C[C@H](O)CN1c1nc2cc(-c3nc(=O)o[nH]3)nc(-c3cncc(Cl)c3)c2n1C(C)[C@H]1CC[C@H](C)CC1,9
COCCOc1ncc(Cl)cc1-c1nc(-c2noc(=O)[nH]2)cc2nc(N3CCO[C@H]4CCC[C@@H]43)n(C[C@H]3CC[C@H](C)CC3)c12,7.677780705
COC(C)(C)[C@@H]1CCCN1c1nc2cc(-c3noc(=O)[nH]3)nc(-c3cncc(Cl)c3)c2n1C[C@H]1CC[C@H](C)CC1,9
CCN(C)C(=O)[C@H]1CCCN1c1nc2cc(-c3noc(=O)[nH]3)nc(-c3cncc(Cl)c3)c2n1C[C@H]1CC[C@H](C)CC1,7.455931956
CO[C@@H]1C[C@@H](CF)N(c2nc3cc(-c4noc(=O)[nH]4)nc(-c4cncc(Cl)c4)c3n2C[C@H]2CC[C@H](C)CC2)C1,9
CS(=O)(=O)NC(=O)c1cc2nc(N3CCO[C@H]4CCC[C@@H]43)n(C[C@H]3CC[C@H](C)CC3)c2c(-c2cncc(Cl)c2)n1,9
CN(C)S(=O)(=O)NC(=O)c1cc2nc(N3CCO[C@@H]4CCC[C@H]43)n(C[C@H]3CC[C@H](C)CC3)c2c(-c2cncc(Cl)c2)n1,8.698970004
CCNC(=O)[C@H]1CCCN1c1nc2cc(-c3noc(=O)[nH]3)nc(-c3cncc(Cl)c3)c2n1C[C@H]1CC[C@H](C)CC1,6.841637508
Cc1cccc(-c2nc3cc(C(=O)O)nc(N[C@H](C)C4CCC4)c3n2Cc2ccc(C(F)(F)F)cc2)c1,6.913640169
C[C@H]1CC[C@H](Cn2c(N3CCCC3C3CC3)nc3cc(-c4noc(=O)[nH]4)nc(-c4cncc(Cl)c4)c32)CC1,9
CC(C)(C)C1CCCN1c1nc2cc(-c3noc(=O)[nH]3)nc(-c3cncc(Cl)c3)c2n1C[C@H]1CC[C@H](C)CC1,8.522878745
CC(=O)N1CCN(c2nc3cc(-c4nc(=O)o[nH]4)nc(-c4cncc(Cl)c4)c3n2C[C@H]2CC[C@H](C)CC2)[C@@H](C)C1,8.22184875
C[C@H]1CC[C@H](Cn2c(C(O)c3ccccc3F)nc3cc(-c4noc(=O)[nH]4)nc(-c4cncc(Cl)c4)c32)CC1,8.698970004
COCC(C)(F)c1nc2cc(-c3noc(=O)[nH]3)nc(-c3cncc(Cl)c3)c2n1C[C@H]1CC[C@H](C)CC1,7.677780705
CNC(=O)c1cc2nc(N3CCOC[C@H]3c3ccccc3)n(C[C@H]3CC[C@H](C)CC3)c2c(-c2cncc(Cl)c2)n1,6.795880017
C[C@H]1CC[C@H](Cn2c(N3CCCC3COC(F)(F)F)nc3cc(-c4noc(=O)[nH]4)nc(-c4cncc(Cl)c4)c32)CC1,8.15490196
C[C@@H]1CCCN1c1nc2cc(-c3noc(=O)[nH]3)nc(-c3cncc(Cl)c3)c2n1C[C@H]1CC[C@H](C)CC1,8.397940009
CCO[C@@H]1C[C@@H](CF)N(c2nc3cc(-c4noc(=O)[nH]4)nc(-c4cncc(Cl)c4)c3n2C[C@H]2CC[C@H](C)CC2)C1,9
C[C@H]1CN(C(=O)C2COC2)C[C@H](C)N1c1nc2cc(-c3nc(=O)o[nH]3)nc(-c3cncc(Cl)c3)c2n1C[C@H]1CC[C@H](C)CC1,8.397940009
CC(C)c1ccnc(-c2nc3cc(-c4noc(=O)[nH]4)nc(-c4cncc(Cl)c4)c3n2C[C@H]2CC[C@H](C)CC2)c1,8.397940009
Cc1cccc(-c2nc(-c3noc(=O)[nH]3)cc3nc(N4CCOC[C@H]4c4ccccc4)n(C[C@H]4CC[C@H](C)CC4)c23)c1,8.522878745
C[C@H]1CC[C@H](Cn2c(N3CCOC[C@H]3c3ccccc3)nc3cc(-c4n[nH]c(=O)o4)nc(-c4cccc(Cl)c4)c32)CC1,8.045757491
COC[C@@H]1C[C@@H](OC)CN1c1nc2cc(-c3noc(=O)[nH]3)nc(-c3cncc(Cl)c3)c2n1C[C@H]1CC[C@H](C)CC1,8.522878745
CO[C@@H]1C[C@H](C2(OC)CC2)N(c2nc3cc(-c4noc(=O)[nH]4)nc(-c4cncc(Cl)c4)c3n2C[C@H]2CC[C@H](C)CC2)C1,8
C[C@H]1CC[C@H](Cn2c(N3CCOC[C@H]3c3ccccc3)nc3cc(-c4noc(=O)[nH]4)nc(-c4ccnnc4)c32)CC1,7.142667504
CC(CS(C)(=O)=O)c1nc2cc(-c3noc(=O)[nH]3)nc(-c3cncc(Cl)c3)c2n1C[C@H]1CC[C@H](C)CC1,7.431798276
C[C@H]1CC[C@H](Cn2c(N3CCOC[C@H]3c3ccccc3)nc3cc(-c4noc(=O)[nH]4)nc(OCC4CCC4)c32)CC1,7.431798276
CO[C@@H]1C[C@@H](C(C)C)N(c2nc3cc(-c4noc(=O)[nH]4)nc(-c4cncc(Cl)c4)c3n2C[C@H]2CC[C@H](C)CC2)C1,9
CO[C@H]1COC[C@@H]1N(C)c1nc2cc(-c3noc(=O)[nH]3)nc(-c3cncc(Cl)c3)c2n1CC1CCC(C)CC1,7.585026652
Cc1nc(C2CCCN2c2nc3cc(-c4noc(=O)[nH]4)nc(-c4cncc(Cl)c4)c3n2C[C@H]2CC[C@H](C)CC2)cs1,9
CC1CS(=O)(=O)CCN1c1nc2cc(-c3noc(=O)[nH]3)nc(-c3cncc(Cl)c3)c2n1C[C@H]1CC[C@H](C)CC1,8.096910013
C[C@H]1CC[C@H](Cn2c(Nc3ccccc3F)nc3cc(-c4noc(=O)[nH]4)nc(-c4cncc(Cl)c4)c32)CC1,9
Cn1cc(C2CCCN2c2nc3cc(-c4noc(=O)[nH]4)nc(-c4cncc(Cl)c4)c3n2C[C@H]2CC[C@H](C)CC2)cn1,8.15490196
C[C@H]1CC[C@H](Cn2c(N3CCO[C@H]4CCC(F)(F)[C@@H]43)nc3cc(-c4nc(=O)o[nH]4)nc(-c4cncc(Cl)c4)c32)CC1,9
CCC(COC)c1nc2cc(-c3noc(=O)[nH]3)nc(-c3cncc(Cl)c3)c2n1C[C@H]1CC[C@H](C)CC1,8.22184875
COCC(COC)c1nc2cc(-c3noc(=O)[nH]3)nc(-c3cncc(Cl)c3)c2n1C[C@H]1CC[C@H](C)CC1,8.096910013
C[C@H]1CC[C@H](Cn2c(N3CCOC[C@H]3c3ccccc3)nc3cc(-c4noc(=O)[nH]4)nc(-c4cncc(Cl)c4)c32)CC1,9
C[C@H]1CC[C@H](Cn2c(N3CCOC4CCCC43)nc3cc(-c4n[nH]c(=O)o4)nc(-c4cncc(Cl)c4)c32)CC1,8.397940009
Cc1cc(C2CCCN2c2nc3cc(-c4noc(=O)[nH]4)nc(-c4cncc(Cl)c4)c3n2C[C@H]2CC[C@H](C)CC2)on1,8.698970004
CC(=O)N1C[C@@H](C)N(c2nc3cc(-c4noc(=O)[nH]4)nc(-c4cncc(Cl)c4)c3n2C[C@H]2CC[C@H](C)CC2)[C@H](C)C1,9
C[C@@H]1CN(C(=O)N(C)C)C[C@@H](C)N1c1nc2cc(-c3noc(=O)[nH]3)nc(-c3cncc(Cl)c3)c2n1C[C@H]1CC[C@H](C)CC1,9
C[C@H]1CC[C@H](Cn2c(N3CCOC[C@H]3c3ccccn3)nc3cc(-c4noc(=O)[nH]4)nc(-c4cncc(Cl)c4)c32)CC1,9
C[C@H]1CC[C@H](Cn2c(N3CCCC3c3cnn[nH]3)nc3cc(-c4noc(=O)[nH]4)nc(-c4cncc(Cl)c4)c32)CC1,9
Cc1nc(C2CCCN2c2nc3cc(-c4noc(=O)[nH]4)nc(-c4cncc(Cl)c4)c3n2C[C@H]2CC[C@H](C)CC2)no1,9
C[C@H]1CC[C@H](Cn2c(Nc3ccccn3)nc3cc(-c4noc(=O)[nH]4)nc(-c4cncc(Cl)c4)c32)CC1,7.638272164
C[C@H]1CC[C@H](Cn2c(Nc3ccccn3)nc3cc(C(=O)O)nc(-c4cncc(Cl)c4)c32)CC1,7.397940009
CCOC(=O)N1C[C@@H](C)N(c2nc3cc(-c4noc(=O)[nH]4)nc(-c4cncc(Cl)c4)c3n2C[C@H]2CC[C@H](C)CC2)[C@H](C)C1,8.698970004
C[C@H]1CC[C@H](Cn2c(N3CCCC34CCOC4)nc3cc(-c4noc(=O)[nH]4)nc(-c4cncc(Cl)c4)c32)CC1,8.22184875
COC(=O)N1C[C@H](C)N(c2nc3cc(-c4nc(=O)o[nH]4)nc(-c4cncc(Cl)c4)c3n2C[C@H]2CC[C@H](C)CC2)[C@@H](C)C1,8.698970004
CCCNC(=O)N1C[C@H](C)N(c2nc3cc(-c4nc(=O)o[nH]4)nc(-c4cncc(Cl)c4)c3n2C[C@H]2CC[C@H](C)CC2)[C@@H](C)C1,8.698970004
CCCOC(CC)c1nc2cc(-c3noc(=O)[nH]3)nc(-c3cncc(Cl)c3)c2n1C[C@H]1CC[C@H](C)CC1,8.522878745
C[C@H]1CN(C(=O)C2(C)CC2)C[C@H](C)N1c1nc2cc(-c3nc(=O)o[nH]3)nc(-c3cncc(Cl)c3)c2n1C[C@H]1CC[C@H](C)CC1,8
