,Molecule ChEMBL ID,Smiles,Standard Value
0,CHEMBL3649851,Cn1ncnc1C1CCCN1c1nc2cc(-c3noc(=O)[nH]3)nc(-c3cncc(Cl)c3)c2n1C[C@H]1CC[C@H](C)CC1,7.6777807052660805
1,CHEMBL3649993,COCC(C)c1nc2cc(-c3noc(=O)[nH]3)nc(-c3cncc(Cl)c3)c2n1C[C@H]1CC[C@H](C)CC1,8.045757490560675
2,CHEMBL3650023,O=c1[nH]c(-c2cc3nc(N4CCO[C@@H]5CCC[C@H]54)n(Cc4ccc(C(F)(F)F)cc4)c3c(-c3cncc(Cl)c3)n2)no1,7.4089353929735005
3,CHEMBL3653333,CCC(CSC)c1nc2cc(-c3noc(=O)[nH]3)nc(-c3cncc(Cl)c3)c2n1C[C@H]1CC[C@H](C)CC1,8.698970004336019
4,CHEMBL3653334,CCC(CS(C)(=O)=O)c1nc2cc(-c3noc(=O)[nH]3)nc(-c3cncc(Cl)c3)c2n1C[C@H]1CC[C@H](C)CC1,8.154901959985743
5,CHEMBL3650008,CNC(=O)c1cc2nc(N3CCOC[C@H]3c3ccccc3)n(C[C@H]3CC[C@H](C)CC3)c2c(-c2cncc(Cl)c2)n1,6.795880017344075
6,CHEMBL3650018,CCOC(c1nc2cc(-c3noc(=O)[nH]3)nc(-c3cncc(Cl)c3)c2n1C(C)[C@H]1CC[C@H](C)CC1)C1CC1,7.886056647693163
7,CHEMBL3650021,CCON(COC)c1nc2cc(-c3noc(=O)[nH]3)nc(-c3cncc(Cl)c3)c2n1C(C)[C@H]1CC[C@H](C)CC1,8.522878745280337
8,CHEMBL3647049,C[C@H]1CC[C@H](Cn2c(N3CCOC[C@H]3c3ccccc3)nc3cc(-c4noc(=O)[nH]4)nc(-c4cccc(Cl)c4)c32)CC1,8.522878745280337
9,CHEMBL3649834,CC1CN(c2nc3cc(-c4noc(=O)[nH]4)nc(-c4cncc(Cl)c4)c3n2C[C@H]2CC[C@H](C)CC2)C(c2ccccc2)CO1,9.0
10,CHEMBL3649860,COC1CC2CCC1N2c1nc2cc(-c3noc(=O)[nH]3)nc(-c3cncc(Cl)c3)c2n1C[C@H]1CC[C@H](C)CC1,8.045757490560675
11,CHEMBL3649976,CCOC(c1cscn1)c1nc2cc(-c3noc(=O)[nH]3)nc(-c3cncc(Cl)c3)c2n1C[C@H]1CC[C@H](C)CC1,8.522878745280337
12,CHEMBL3653324,Cc1cncc(-c2nc(-c3noc(=O)[nH]3)cc3nc(N4CCO[C@H]5CCC[C@@H]54)n(C[C@H]4CC[C@H](C)CC4)c23)c1,8.698970004336019
13,CHEMBL3649970,CCOC(c1ccccc1)c1nc2cc(-c3noc(=O)[nH]3)nc(-c3cncc(Cl)c3)c2n1C[C@H]1CC[C@H](C)CC1,9.0
14,CHEMBL3649968,CCOC(c1nc2cc(-c3noc(=O)[nH]3)nc(-c3cncc(Cl)c3)c2n1C[C@H]1CC[C@H](C)CC1)C1CCOCC1,8.301029995663981
15,CHEMBL3957470,CN(C)S(=O)(=O)NC(=O)c1cc2nc(N3CCO[C@H]4CCC[C@@H]43)n(C[C@H]3CC[C@H](C)CC3)c2c(-c2cncc(Cl)c2)n1,8.698970004336019
16,CHEMBL3647054,C[C@H]1CC[C@H](Cn2c(N3CCOC4CCCC43)nc3cc(-c4noc(=O)[nH]4)nc(-c4cncc(Cl)c4)c32)CC1,8.698970004336019
17,CHEMBL3647056,C[C@H]1CC[C@H](Cn2c(N3CCOC4CCCC43)nc3cc(-c4n[nH]c(=O)o4)nc(-c4cncc(Cl)c4)c32)CC1,8.397940008672037
18,CHEMBL3649816,C[C@H]1CC[C@H](Cn2c(N3CCOC4CC43)nc3cc(-c4noc(=O)[nH]4)nc(-c4cncc(Cl)c4)c32)CC1,7.366531544420414
19,CHEMBL3649827,C[C@H]1CC[C@H](Cn2c(N3CCCC34CCC4)nc3cc(-c4noc(=O)[nH]4)nc(-c4cncc(Cl)c4)c32)CC1,8.096910013008056
20,CHEMBL3649831,C[C@@H]1C[C@@H](O)CN1c1nc2cc(-c3noc(=O)[nH]3)nc(-c3cncc(Cl)c3)c2n1C[C@H]1CC[C@H](C)CC1,8.221848749616356
21,CHEMBL3649845,CC1OCCN(c2nc3cc(-c4noc(=O)[nH]4)nc(-c4cncc(Cl)c4)c3n2C[C@H]2CC[C@H](C)CC2)C1C,7.6020599913279625
22,CHEMBL3649848,C[C@H]1CC[C@H](Cn2c(N3CCCC4COCCC43)nc3cc(-c4noc(=O)[nH]4)nc(-c4cncc(Cl)c4)c32)CC1,8.0
23,CHEMBL3979460,CC(C)C(=O)N1C[C@H](C)N(c2nc3cc(-c4nc(=O)o[nH]4)nc(-c4cncc(Cl)c4)c3n2C[C@H]2CC[C@H](C)CC2)[C@@H](C)C1,8.522878745280337
24,CHEMBL3958237,C[C@H]1CN(C(=O)N(C)C)C[C@H](C)N1c1nc2cc(-c3nc(=O)o[nH]3)nc(-c3cncc(Cl)c3)c2n1C[C@H]1CC[C@H](C)CC1,9.0
25,CHEMBL3649956,C[C@@H]1CN(C(=O)C2(C)CC2)C[C@@H](C)N1c1nc2cc(-c3noc(=O)[nH]3)nc(-c3cncc(Cl)c3)c2n1C[C@H]1CC[C@H](C)CC1,8.0
26,CHEMBL3947091,O=c1nc(-c2cc3nc(N4CCO[C@H]5CCC[C@@H]54)n(C[C@H]4CC[C@H](C(F)(F)F)CC4)c3c(-c3cncc(Cl)c3)n2)[nH]o1,7.42021640338319
27,CHEMBL3653332,CC(CS(C)(=O)=O)c1nc2cc(-c3noc(=O)[nH]3)nc(-c3cncc(Cl)c3)c2n1C[C@H]1CC[C@H](C)CC1,7.431798275933005
28,CHEMBL3649980,CC(F)(c1ccccc1F)c1nc2cc(-c3noc(=O)[nH]3)nc(-c3cncc(Cl)c3)c2n1C[C@H]1CC[C@H](C)CC1,8.698970004336019
29,CHEMBL3649982,CC(F)(c1ncccc1F)c1nc2cc(-c3noc(=O)[nH]3)nc(-c3cncc(Cl)c3)c2n1C[C@H]1CC[C@H](C)CC1,9.0
30,CHEMBL3934510,CN(C)c1c(C(=O)O)nc(-c2cncc(Cl)c2)c2c1nc(N1CCO[C@H]3CCC[C@@H]31)n2C[C@H]1CC[C@H](C)CC1,7.619788758288394
31,CHEMBL3649955,C[C@@H]1CN(C(=O)C2(C)COC2)C[C@@H](C)N1c1nc2cc(-c3noc(=O)[nH]3)nc(-c3cncc(Cl)c3)c2n1C[C@H]1CC[C@H](C)CC1,7.958607314841775
33,CHEMBL3939191,CCN(C)C(=O)N1C[C@H](C)N(c2nc3cc(-c4nc(=O)o[nH]4)nc(-c4cncc(Cl)c4)c3n2C[C@H]2CC[C@H](C)CC2)[C@@H](C)C1,9.0
34,CHEMBL3647060,C[C@H]1CC[C@H](Cn2c(N3CCOC4CCCCC43)nc3cc(-c4n[nH]c(=O)o4)nc(-c4cncc(Cl)c4)c32)CC1,8.397940008672037
35,CHEMBL3649824,CC1CCN(c2nc3cc(-c4noc(=O)[nH]4)nc(-c4cncc(Cl)c4)c3n2C[C@H]2CC[C@H](C)CC2)C1C,8.045757490560675
37,CHEMBL3649878,CCCN(CCOC)c1nc2cc(-c3noc(=O)[nH]3)nc(-c3cncc(Cl)c3)c2n1C[C@H]1CC[C@H](C)CC1,8.045757490560675
38,CHEMBL3979791,C[C@H]1CC[C@H](Cn2c(N3CCO[C@H]4CC(F)(F)C[C@@H]43)nc3cc(-c4nc(=O)o[nH]4)nc(-c4cncc(Cl)c4)c32)CC1,8.698970004336019
39,CHEMBL3639487,CC1CN(c2nc3cc(-c4noc(=O)[nH]4)nc(-c4cncc(Cl)c4)c3n2C[C@H]2CC[C@H](C)CC2)C2COCCC2O1,7.7447274948966935
40,CHEMBL3649918,C[C@H]1CC[C@H](Cn2c(Nc3ccccn3)nc3cc(-c4noc(=O)[nH]4)nc(-c4cncc(Cl)c4)c32)CC1,7.638272163982407
41,CHEMBL3649928,CO[C@@H]1C[C@@H](C)N(c2nc3cc(-c4noc(=O)[nH]4)nc(-c4cncc(Cl)c4)c3n2C(C)[C@H]2CC[C@H](C)CC2)C1,8.522878745280337
42,CHEMBL3649929,CC([C@H]1CC[C@H](C)CC1)n1c(N2C[C@H](O)C[C@H]2C)nc2cc(-c3noc(=O)[nH]3)nc(-c3cncc(Cl)c3)c21,8.522878745280337
43,CHEMBL3649930,CC(=O)N1CCN(c2nc3cc(-c4noc(=O)[nH]4)nc(-c4cncc(Cl)c4)c3n2C[C@H]2CC[C@H](C)CC2)[C@H](C)C1,8.221848749616356
44,CHEMBL3986537,CCNC(=O)N1C[C@H](C)N(c2nc3cc(-c4nc(=O)o[nH]4)nc(-c4cncc(Cl)c4)c3n2C[C@H]2CC[C@H](C)CC2)[C@@H](C)C1,8.522878745280337
45,CHEMBL3649941,CCCNC(=O)N1C[C@@H](C)N(c2nc3cc(-c4noc(=O)[nH]4)nc(-c4cncc(Cl)c4)c3n2C[C@H]2CC[C@H](C)CC2)[C@H](C)C1,8.698970004336019
46,CHEMBL3649967,CCOC(c1nc2cc(-c3noc(=O)[nH]3)nc(-c3cncc(Cl)c3)c2n1C[C@H]1CC[C@H](C)CC1)C1CC1,8.397940008672037
48,CHEMBL3649973,COCC(O)(c1ccccc1)c1nc2cc(-c3noc(=O)[nH]3)nc(-c3cncc(Cl)c3)c2n1C[C@H]1CC[C@H](C)CC1,8.301029995663981
49,CHEMBL3649975,CCOC(c1cccnc1)c1nc2cc(-c3noc(=O)[nH]3)nc(-c3cncc(Cl)c3)c2n1C[C@H]1CC[C@H](C)CC1,8.301029995663981
50,CHEMBL3650022,CC([C@H]1CC[C@H](C)CC1)n1c(N2CCN(C(=O)C3(F)CC3)C[C@H]2C)nc2cc(-c3noc(=O)[nH]3)nc(-c3cncc(Cl)c3)c21,9.0
51,CHEMBL3927923,C[C@H]1CC[C@H](Cn2c(N3CCO[C@H]4CC(F)C[C@@H]43)nc3cc(-c4nc(=O)o[nH]4)nc(-c4cncc(Cl)c4)c32)CC1,9.0
52,CHEMBL3971736,CC([C@H]1CC[C@H](C)CC1)n1c(N2CCO[C@H]3CCC[C@@H]32)nc2cc(-c3nc(=O)o[nH]3)nc(-c3cncc(Cl)c3)c21,9.0
55,CHEMBL3647061,COC(C)(C)[C@@H]1CCCN1c1nc2cc(-c3n[nH]c(=O)o3)nc(-c3cncc(Cl)c3)c2n1C[C@H]1CC[C@H](C)CC1,8.698970004336019
56,CHEMBL3647066,C[C@H]1CC[C@H](Cn2c(N3CCC[C@H]3C(F)(F)F)nc3cc(-c4n[nH]c(=O)o4)nc(-c4cncc(Cl)c4)c32)CC1,8.698970004336019
57,CHEMBL3936690,CC(C)c1ccnc(-c2nc3cc(C(=O)O)nc(N[C@@H](C)C4CCC4)c3n2Cc2ccc(C(F)(F)F)cc2)c1,7.5376020021010435
59,CHEMBL3649850,Cn1cnc(C2CCCN2c2nc3cc(-c4noc(=O)[nH]4)nc(-c4cncc(Cl)c4)c3n2C[C@H]2CC[C@H](C)CC2)n1,7.920818753952375
60,CHEMBL3649969,COCCOC(c1nc2cc(-c3noc(=O)[nH]3)nc(-c3cncc(Cl)c3)c2n1C[C@H]1CC[C@H](C)CC1)C1CC1,8.154901959985743
61,CHEMBL3649979,C[C@H]1CC[C@H](Cn2c(C(=O)c3ccccc3F)nc3cc(-c4noc(=O)[nH]4)nc(-c4cncc(Cl)c4)c32)CC1,8.698970004336019
62,CHEMBL3649985,CC(F)(c1ccccn1)c1nc2cc(-c3noc(=O)[nH]3)nc(-c3cncc(Cl)c3)c2n1C[C@H]1CC[C@H](C)CC1,8.698970004336019
63,CHEMBL3650000,C[C@H]1CC[C@H](Cn2c(N3CCOC[C@H]3c3ccccc3)nc3c(Br)c(-c4noc(=O)[nH]4)nc(-c4cncc(Cl)c4)c32)CC1,8.698970004336019
64,CHEMBL3650002,C[C@H]1CC[C@H](Cn2c(N3CCO[C@@H]4CCC[C@H]43)nc3c(F)c(-c4noc(=O)[nH]4)nc(-c4cncc(Cl)c4)c32)CC1,9.0
65,CHEMBL3971378,C[C@H]1CC[C@H](Cn2c(N3CCO[C@H]4CCC[C@@H]43)nc3cc(-c4nc(=O)o[nH]4)nc(-c4cc(Cl)cnc4OCCO)c32)CC1,9.0
66,CHEMBL3653328,C[C@H]1CC[C@H](Cn2c(N3CCOC[C@H]3c3ccccc3)nc3cc(-c4noc(=O)[nH]4)nc(-c4cnccn4)c32)CC1,6.924453038607469
67,CHEMBL3653330,C[C@H]1CC[C@H](Cn2c(N3CCOC[C@H]3c3ccccc3)nc3cc(-c4noc(=O)[nH]4)nc(-c4cccnn4)c32)CC1,6.950781977329818
68,CHEMBL3653338,CC(Oc1nc(-c2noc(=O)[nH]2)cc2nc(N3CCOC[C@H]3c3ccccc3)n(C[C@H]3CC[C@H](C)CC3)c12)C1CCC1,7.552841968657781
69,CHEMBL4107347,CC1CCC(Cn2c(N3CCO[C@@H]4CN(C(=O)OCc5ccccc5)CC[C@H]43)nc3cc(-c4noc(=O)[nH]4)nc(-c4cncc(Cl)c4)c32)CC1,6.6020599913279625
70,CHEMBL3649890,C[C@H]1CC[C@H](Cn2c(N3C4CCC3C(O)C4)nc3cc(-c4noc(=O)[nH]4)nc(-c4cncc(Cl)c4)c32)CC1,7.853871964321762
71,CHEMBL3649898,CCO[C@@H]1C[C@@H](CF)N(c2nc3cc(-c4noc(=O)[nH]4)nc(-c4cncc(Cl)c4)c3n2C[C@H]2CC[C@H](C)CC2)C1,9.0
72,CHEMBL3895119,CCN1C(=O)CN(c2nc3cc(-c4nc(=O)o[nH]4)nc(-c4cncc(Cl)c4)c3n2C[C@H]2CC[C@H](C)CC2)[C@H]2CCC[C@@H]21,8.397940008672037
73,CHEMBL3649960,CCOC(c1nc2cc(-c3n[nH]c(=O)o3)nc(-c3cncc(Cl)c3)c2n1C[C@H]1CC[C@H](C)CC1)C1CCCC1,8.221848749616356
74,CHEMBL3649962,CCOC(CC)c1nc2cc(-c3noc(=O)[nH]3)nc(-c3cncc(Cl)c3)c2n1C[C@H]1CC[C@H](C)CC1,8.096910013008056
75,CHEMBL3945674,CO[C@@H]1CCN(c2nc3cc(-c4nc(=O)o[nH]4)nc(-c4cncc(Cl)c4)c3n2C[C@H]2CC[C@H](C)CC2)[C@@H](C)C1,8.301029995663981
76,CHEMBL3649915,CC1CN(c2nc3cc(-c4noc(=O)[nH]4)nc(-c4cncc(Cl)c4)c3n2C[C@H]2CC[C@H](C)CC2)C2CCCC2O1,8.096910013008056
77,CHEMBL3649978,C[C@H]1CC[C@H](Cn2c(C(OCC(F)(F)F)c3ccccn3)nc3cc(-c4noc(=O)[nH]4)nc(-c4cncc(Cl)c4)c32)CC1,8.522878745280337
78,CHEMBL3649984,Cc1cccnc1C(C)(F)c1nc2cc(-c3noc(=O)[nH]3)nc(-c3cncc(Cl)c3)c2n1C[C@H]1CC[C@H](C)CC1,7.958607314841775
79,CHEMBL3650009,CN(C)C(=O)c1cc2nc(N3CCOC[C@H]3c3ccccc3)n(C[C@H]3CC[C@H](C)CC3)c2c(-c2cncc(Cl)c2)n1,6.756961951313706
80,CHEMBL3649989,COCC(c1ccccc1)c1nc2cc(-c3noc(=O)[nH]3)nc(-c3cncc(Cl)c3)c2n1C[C@H]1CC[C@H](C)CC1,8.698970004336019
81,CHEMBL3649996,CCC(COC)c1nc2cc(-c3noc(=O)[nH]3)nc(-c3cncc(Cl)c3)c2n1C[C@H]1CC[C@H](C)CC1,8.221848749616356
82,CHEMBL3650006,CS(=O)(=O)NC(=O)c1cc2nc(N3CCO[C@@H]4CCC[C@H]43)n(C[C@H]3CC[C@H](C)CC3)c2c(-c2cncc(Cl)c2)n1,9.0
83,CHEMBL3639488,COCC(C)c1nc2cc(-c3noc(=O)[nH]3)nc(-c3cncc(Cl)c3)c2n1C(C)[C@H]1CC[C@H](C)CC1,9.0
84,CHEMBL3653318,COc1ncc(Cl)cc1-c1nc(-c2noc(=O)[nH]2)cc2nc(N3CCO[C@H]4CCC[C@@H]43)n(C[C@H]3CC[C@H](C)CC3)c12,9.0
85,CHEMBL3653321,COCCOc1ncc(Cl)cc1-c1nc(-c2noc(=O)[nH]2)cc2nc(N3CCO[C@H]4CCC[C@@H]43)n(C[C@H]3CC[C@H](C)CC3)c12,7.6777807052660805
88,CHEMBL3649991,CCCC(COC)c1nc2cc(-c3noc(=O)[nH]3)nc(-c3cncc(Cl)c3)c2n1C[C@H]1CC[C@H](C)CC1,8.522878745280337
89,CHEMBL3971319,COc1c(-c2nc(=O)o[nH]2)nc(-c2cncc(Cl)c2)c2c1nc(N1CCO[C@H]3CCC[C@@H]31)n2C[C@H]1CC[C@H](C)CC1,9.0
91,CHEMBL3650014,C[C@H]1CC[C@H](Cn2c(N3CCO[C@@H]4CCC[C@H]43)nc3cc(-c4nnn[nH]4)nc(-c4cncc(Cl)c4)c32)CC1,9.0
92,CHEMBL3650019,CCOC(C)c1nc2cc(-c3noc(=O)[nH]3)nc(-c3cncc(Cl)c3)c2n1C(C)[C@H]1CC[C@H](C)CC1,8.301029995663981
93,CHEMBL3653315,Cc1ncc(Cl)cc1-c1nc(-c2noc(=O)[nH]2)cc2nc(N3CCO[C@H]4CCC[C@@H]43)n(C[C@H]3CC[C@H](C)CC3)c12,9.0
95,CHEMBL3649992,C=C(C)c1nc2cc(-c3noc(=O)[nH]3)nc(-c3cncc(Cl)c3)c2n1C[C@H]1CC[C@H](C)CC1,8.154901959985743
96,CHEMBL3650015,COC(=O)c1cc2nc(N3CCOC[C@H]3c3ccccc3)n(C[C@H]3CC[C@H](C)CC3)c2c(-c2cncc(Cl)c2)n1,7.552841968657781
97,CHEMBL3650020,CCOC(COC)c1nc2cc(-c3noc(=O)[nH]3)nc(-c3cncc(Cl)c3)c2n1C(C)[C@H]1CC[C@H](C)CC1,8.301029995663981
98,CHEMBL3984644,C[C@H]1CC[C@H](Cn2c(N3CCO[C@H]4CCC[C@@H]43)nc3cc(-c4nc(=O)o[nH]4)nc(-c4cc(Cl)cnc4O)c32)CC1,8.698970004336019
99,CHEMBL3649983,CC(F)(c1ccncc1F)c1nc2cc(-c3noc(=O)[nH]3)nc(-c3cncc(Cl)c3)c2n1C[C@H]1CC[C@H](C)CC1,9.0
100,CHEMBL3649986,COCC(C)(F)c1nc2cc(-c3noc(=O)[nH]3)nc(-c3cncc(Cl)c3)c2n1C[C@H]1CC[C@H](C)CC1,7.6777807052660805
101,CHEMBL3649995,CC(C)OCC(C)c1nc2cc(-c3noc(=O)[nH]3)nc(-c3cncc(Cl)c3)c2n1C[C@H]1CC[C@H](C)CC1,8.096910013008056
102,CHEMBL3650001,C[C@H]1CC[C@H](Cn2c(N3CCO[C@@H]4CCC[C@H]43)nc3c(Cl)c(-c4noc(=O)[nH]4)nc(-c4cncc(Cl)c4)c32)CC1,9.0
103,CHEMBL3650011,C[C@H]1CC[C@H](Cn2c(N3CCC[C@H]3C(F)(F)F)nc3cc(-c4nnn[nH]4)nc(-c4cncc(Cl)c4)c32)CC1,9.0
105,CHEMBL3647059,C[C@H]1CC[C@H](Cn2c(N3CCO[C@H]4CCC[C@@H]43)nc3cc(-c4noc(=O)[nH]4)nc(-c4cncc(Cl)c4)c32)CC1,7.229147988357855
106,CHEMBL3907252,CO[C@H]1C[C@H](C2(OC)CC2)N(c2nc3cc(-c4nc(=O)o[nH]4)nc(-c4cncc(Cl)c4)c3n2C[C@H]2CC[C@H](C)CC2)C1,8.698970004336019
107,CHEMBL3946174,C[C@H]1CC[C@H](Cn2c(N3CCN(C(=O)C(F)F)[C@H]4CCC[C@@H]43)nc3cc(-c4nc(=O)o[nH]4)nc(-c4cncc(Cl)c4)c32)CC1,8.522878745280337
108,CHEMBL3649959,CCOC(c1nc2cc(-c3noc(=O)[nH]3)nc(-c3cncc(Cl)c3)c2n1C[C@H]1CC[C@H](C)CC1)C1CCCC1,8.522878745280337
110,CHEMBL3649964,CCCOC(CC)c1nc2cc(-c3noc(=O)[nH]3)nc(-c3cncc(Cl)c3)c2n1C[C@H]1CC[C@H](C)CC1,8.522878745280337
111,CHEMBL3649966,CCOC(COC)c1nc2cc(-c3noc(=O)[nH]3)nc(-c3cncc(Cl)c3)c2n1C[C@H]1CC[C@H](C)CC1,8.045757490560675
112,CHEMBL3647050,C[C@H]1CC[C@H](Cn2c(N3CCOC[C@H]3c3ccccc3)nc3cc(-c4n[nH]c(=O)o4)nc(-c4cccc(Cl)c4)c32)CC1,8.045757490560675
113,CHEMBL3647057,COC(C)(C)[C@@H]1CCCN1c1nc2cc(-c3noc(=O)[nH]3)nc(-c3cncc(Cl)c3)c2n1C[C@H]1CC[C@H](C)CC1,9.0
114,CHEMBL3649825,C[C@H]1CC[C@H](Cn2c(N3CCCC3C3CC3)nc3cc(-c4noc(=O)[nH]4)nc(-c4cncc(Cl)c4)c32)CC1,9.0
115,CHEMBL3649829,Cc1nonc1C1CCCN1c1nc2cc(-c3noc(=O)[nH]3)nc(-c3cncc(Cl)c3)c2n1C[C@H]1CC[C@H](C)CC1,9.0
116,CHEMBL3649840,CC(C)OCC1CCCN1c1nc2cc(-c3noc(=O)[nH]3)nc(-c3cncc(Cl)c3)c2n1C[C@H]1CC[C@H](C)CC1,8.698970004336019
117,CHEMBL3649859,CC1CS(=O)(=O)CCN1c1nc2cc(-c3noc(=O)[nH]3)nc(-c3cncc(Cl)c3)c2n1C[C@H]1CC[C@H](C)CC1,8.096910013008056
118,CHEMBL3927925,CO[C@H]1C[C@@H](CF)N(c2nc3cc(-c4nc(=O)o[nH]4)nc(-c4cncc(Cl)c4)c3n2C[C@H]2CC[C@H](C)CC2)C1,6.452225294612178
119,CHEMBL3649871,Cn1cc(C2CCCN2c2nc3cc(-c4noc(=O)[nH]4)nc(-c4cncc(Cl)c4)c3n2C[C@H]2CC[C@H](C)CC2)cn1,8.154901959985743
120,CHEMBL3649855,Cc1noc(C2CCCN2c2nc3cc(-c4noc(=O)[nH]4)nc(-c4cncc(Cl)c4)c3n2C[C@H]2CC[C@H](C)CC2)n1,6.935542010773082
121,CHEMBL3649885,CCC1CN(C)C(=O)CN1c1nc2cc(-c3noc(=O)[nH]3)nc(-c3cncc(Cl)c3)c2n1C[C@H]1CC[C@H](C)CC1,8.045757490560675
122,CHEMBL3649891,CC(C)[C@@H]1C[C@](C)(O)CN1c1nc2cc(-c3noc(=O)[nH]3)nc(-c3cncc(Cl)c3)c2n1C[C@H]1CC[C@H](C)CC1,9.0
123,CHEMBL3925339,CO[C@H]1C[C@@H](C2(OC)CC2)N(c2nc3cc(-c4nc(=O)o[nH]4)nc(-c4cncc(Cl)c4)c3n2C[C@H]2CC[C@H](C)CC2)C1,8.0
124,CHEMBL3649896,CC1CSCCN1c1nc2cc(-c3noc(=O)[nH]3)nc(-c3cncc(Cl)c3)c2n1C[C@H]1CC[C@H](C)CC1,8.045757490560675
125,CHEMBL3944443,CO[C@H]1C[C@H](C(F)F)N(c2nc3cc(-c4nc(=O)o[nH]4)nc(-c4cncc(Cl)c4)c3n2C[C@H]2CC[C@H](C)CC2)C1,9.0
126,CHEMBL3649914,CN(Cc1ccccc1)c1nc2cc(-c3noc(=O)[nH]3)nc(-c3cncc(Cl)c3)c2n1C[C@H]1CC[C@H](C)CC1,7.721246399047171
128,CHEMBL3649922,C[C@H]1CC[C@H](Cn2c(Nc3ccccc3)nc3cc(-c4noc(=O)[nH]4)nc(-c4cncc(Cl)c4)c32)CC1,7.7447274948966935
129,CHEMBL3957580,CC([C@H]1CC[C@H](C)CC1)n1c(N2CC(=O)N(C)C[C@@H]2C)nc2cc(-c3nc(=O)o[nH]3)nc(-c3cncc(Cl)c3)c21,8.397940008672037
130,CHEMBL3649938,CCCC(=O)N1C[C@@H](C)N(c2nc3cc(-c4noc(=O)[nH]4)nc(-c4cncc(Cl)c4)c3n2C[C@H]2CC[C@H](C)CC2)[C@H](C)C1,8.522878745280337
131,CHEMBL3649939,COC(=O)N1C[C@@H](C)N(c2nc3cc(-c4noc(=O)[nH]4)nc(-c4cncc(Cl)c4)c3n2C[C@H]2CC[C@H](C)CC2)[C@H](C)C1,8.698970004336019
132,CHEMBL3649942,CC(C)NC(=O)N1C[C@@H](C)N(c2nc3cc(-c4noc(=O)[nH]4)nc(-c4cncc(Cl)c4)c3n2C[C@H]2CC[C@H](C)CC2)[C@H](C)C1,8.522878745280337
133,CHEMBL3649943,CC(=O)N1CCN(c2nc3cc(-c4noc(=O)[nH]4)nc(-c4cncc(Cl)c4)c3n2C[C@H]2CC[C@H](C)CC2)C(C)C1C,7.086186147616283
134,CHEMBL3909218,C[C@H]1CC[C@H](Cn2c(N3CCN(C(=O)C4CC4)[C@H]4CCC[C@@H]43)nc3cc(-c4nc(=O)o[nH]4)nc(-c4cncc(Cl)c4)c32)CC1,8.301029995663981
136,CHEMBL3647048,Cc1cccc(-c2nc(-c3noc(=O)[nH]3)cc3nc(N4CCOC[C@H]4c4ccccc4)n(C[C@H]4CC[C@H](C)CC4)c23)c1,8.522878745280337
138,CHEMBL3647055,C[C@H]1CC[C@H](Cn2c(N3CCOC4CCCCC43)nc3cc(-c4noc(=O)[nH]4)nc(-c4cncc(Cl)c4)c32)CC1,9.0
139,CHEMBL3647062,C[C@H]1CC[C@H](Cn2c(N3CCO[C@H]4CCC[C@@H]43)nc3cc(-c4n[nH]c(=O)o4)nc(-c4cncc(Cl)c4)c32)CC1,8.698970004336019
140,CHEMBL3649843,COC[C@@H]1CCCN1c1nc2cc(-c3noc(=O)[nH]3)nc(-c3cncc(Cl)c3)c2n1C[C@H]1CC[C@H](C)CC1,8.522878745280337
141,CHEMBL3649849,C[C@H]1CC[C@H](Cn2c(N3CCCC3c3cnn[nH]3)nc3cc(-c4noc(=O)[nH]4)nc(-c4cncc(Cl)c4)c32)CC1,9.0
142,CHEMBL3649874,COC(C)(C)CN(C)c1nc2cc(-c3noc(=O)[nH]3)nc(-c3cncc(Cl)c3)c2n1C[C@H]1CC[C@H](C)CC1,8.045757490560675
143,CHEMBL3909594,CC[C@H]1[C@H](C)OCCN1c1nc2cc(-c3nc(=O)o[nH]3)nc(-c3cncc(Cl)c3)c2n1C[C@H]1CC[C@H](C)CC1,9.0
144,CHEMBL3649954,C[C@@H]1CN(C(=O)C(F)F)C[C@@H](C)N1c1nc2cc(-c3noc(=O)[nH]3)nc(-c3cncc(Cl)c3)c2n1C[C@H]1CC[C@H](C)CC1,8.397940008672037
145,CHEMBL3649974,CCOC(c1ccccn1)c1nc2cc(-c3noc(=O)[nH]3)nc(-c3cncc(Cl)c3)c2n1C[C@H]1CC[C@H](C)CC1,8.698970004336019
147,CHEMBL3649981,CC(F)(c1ccc(F)cc1F)c1nc2cc(-c3noc(=O)[nH]3)nc(-c3cncc(Cl)c3)c2n1C[C@H]1CC[C@H](C)CC1,8.698970004336019
148,CHEMBL3649971,C[C@H]1CC[C@H](Cn2c(C(O)c3ccc(F)cc3F)nc3cc(-c4noc(=O)[nH]4)nc(-c4cncc(Cl)c4)c32)CC1,7.721246399047171
151,CHEMBL3650010,CS(=O)(=O)Nc1cc2nc(N3CCOC[C@H]3c3ccccc3)n(C[C@H]3CC[C@H](C)CC3)c2c(-c2cncc(Cl)c2)n1,6.913640169325252
152,CHEMBL3650017,CCON(c1nc2cc(-c3noc(=O)[nH]3)nc(-c3cncc(Cl)c3)c2n1C(C)[C@H]1CC[C@H](C)CC1)C1CC1,9.0
154,CHEMBL3898360,C[C@H]1CN(C)C(=O)CN1c1nc2cc(-c3nc(=O)o[nH]3)nc(-c3cncc(Cl)c3)c2n1C[C@H]1CC[C@H](C)CC1,7.958607314841775
155,CHEMBL3649863,CO[C@@H]1C[C@@H](CF)N(c2nc3cc(-c4noc(=O)[nH]4)nc(-c4cncc(Cl)c4)c3n2C[C@H]2CC[C@H](C)CC2)C1,9.0
156,CHEMBL3649884,CN1C(=O)CN(c2nc3cc(-c4noc(=O)[nH]4)nc(-c4cncc(Cl)c4)c3n2C[C@H]2CC[C@H](C)CC2)[C@H]2CCC[C@@H]21,7.494850021680094
157,CHEMBL3649965,CCOC(CO)c1nc2cc(-c3noc(=O)[nH]3)nc(-c3cncc(Cl)c3)c2n1C[C@H]1CC[C@H](C)CC1,7.823908740944319
159,CHEMBL3649990,C=C(CCC)c1nc2cc(-c3noc(=O)[nH]3)nc(-c3cncc(Cl)c3)c2n1C[C@H]1CC[C@H](C)CC1,8.698970004336019
160,CHEMBL3649997,COCC(COC)c1nc2cc(-c3noc(=O)[nH]3)nc(-c3cncc(Cl)c3)c2n1C[C@H]1CC[C@H](C)CC1,8.096910013008056
165,CHEMBL3894230,C[C@H]1CN(S(C)(=O)=O)C[C@H](C)N1c1nc2cc(-c3nc(=O)o[nH]3)nc(-c3cncc(Cl)c3)c2n1C[C@H]1CC[C@H](C)CC1,8.522878745280337
166,CHEMBL3649944,CC1C(C)N(c2nc3cc(-c4noc(=O)[nH]4)nc(-c4cncc(Cl)c4)c3n2C[C@H]2CC[C@H](C)CC2)CCN1C(=O)C1CC1,7.167491087293763
167,CHEMBL3649953,C[C@@H]1CN(C(=O)C2CC2(F)F)C[C@@H](C)N1c1nc2cc(-c3noc(=O)[nH]3)nc(-c3cncc(Cl)c3)c2n1C[C@H]1CC[C@H](C)CC1,8.397940008672037
169,CHEMBL3649961,CCOC(C)c1nc2cc(-c3noc(=O)[nH]3)nc(-c3cncc(Cl)c3)c2n1C[C@H]1CC[C@H](C)CC1,8.045757490560675
170,CHEMBL3649963,CCC(OCC(F)(F)F)c1nc2cc(-c3noc(=O)[nH]3)nc(-c3cncc(Cl)c3)c2n1C[C@H]1CC[C@H](C)CC1,8.698970004336019
171,CHEMBL3653311,O=c1[nH]c(-c2cc3nc(N4CCO[C@@H]5CCC[C@H]54)n(Cc4ccc(C(F)(F)F)c(F)c4)c3c(-c3cncc(Cl)c3)n2)no1,6.61261017366127
172,CHEMBL3649833,C[C@H]1CC[C@H](Cn2c(N3CCC[C@H]3CF)nc3cc(C(=O)O)nc(-c4cncc(Cl)c4)c32)CC1,8.522878745280337
173,CHEMBL3649868,CN(C)C(=O)[C@@H]1CCCN1c1nc2cc(-c3noc(=O)[nH]3)nc(-c3cncc(Cl)c3)c2n1C[C@H]1CC[C@H](C)CC1,8.154901959985743
174,CHEMBL3649872,Cc1nc(C2CCCN2c2nc3cc(-c4noc(=O)[nH]4)nc(-c4cncc(Cl)c4)c3n2C[C@H]2CC[C@H](C)CC2)no1,9.0
176,CHEMBL3649901,C[C@H]1CC[C@H](Cn2c(N3CCO[C@@H]4CCC(F)(F)[C@H]43)nc3cc(-c4noc(=O)[nH]4)nc(-c4cncc(Cl)c4)c32)CC1,9.0
177,CHEMBL3944856,C[C@H]1COCCN1c1nc2cc(-c3nc(=O)o[nH]3)nc(-c3cncc(Cl)c3)c2n1C[C@H]1CC[C@H](C)CC1,8.397940008672037
178,CHEMBL3649814,C[C@H]1CC[C@H](Cn2c(N3CCC4C3C4C(F)(F)F)nc3cc(-c4noc(=O)[nH]4)nc(-c4cncc(Cl)c4)c32)CC1,7.494850021680094
179,CHEMBL3649927,CC(C)[C@@H]1C[C@@H](O)CN1c1nc2cc(-c3noc(=O)[nH]3)nc(-c3cncc(Cl)c3)c2n1C(C)[C@H]1CC[C@H](C)CC1,9.0
181,CHEMBL3649988,C=C(c1ccccc1)c1nc2cc(-c3noc(=O)[nH]3)nc(-c3cncc(Cl)c3)c2n1C[C@H]1CC[C@H](C)CC1,8.397940008672037
182,CHEMBL3649999,CC(C)c1ccnc(-c2nc3cc(-c4noc(=O)[nH]4)nc(-c4cncc(Cl)c4)c3n2C[C@H]2CC[C@H](C)CC2)c1,8.397940008672037
189,CHEMBL3650024,CC[C@H]1CC[C@H](Cn2c(N3CCO[C@@H]4CCC[C@H]43)nc3cc(-c4noc(=O)[nH]4)nc(-c4cncc(Cl)c4)c32)CC1,8.301029995663981
190,CHEMBL3653310,CC[C@H]1CC[C@H](Cn2c(N3CCO[C@@H]4CCC[C@H]43)nc3cc(-c4n[nH]c(=O)o4)nc(-c4cncc(Cl)c4)c32)CC1,7.6020599913279625
191,CHEMBL3650012,Cn1[nH]c(-c2cc3nc(N4CCC[C@H]4CF)n(C[C@H]4CC[C@H](C)CC4)c3c(-c3cncc(Cl)c3)n2)nc1=O,7.698970004336019
192,CHEMBL3650013,C[C@H]1CC[C@H](Cn2c(N3CCC[C@H]3CF)nc3cc(-c4n[nH]c(=O)[nH]4)nc(-c4cncc(Cl)c4)c32)CC1,8.0
194,CHEMBL3653335,CC(C)C(CS(C)(=O)=O)c1nc2cc(-c3noc(=O)[nH]3)nc(-c3cncc(Cl)c3)c2n1C[C@H]1CC[C@H](C)CC1,8.301029995663981
196,CHEMBL3653331,CSCC(C)c1nc2cc(-c3noc(=O)[nH]3)nc(-c3cncc(Cl)c3)c2n1C[C@H]1CC[C@H](C)CC1,8.154901959985743
197,CHEMBL3649882,CO[C@@H]1CCN(c2nc3cc(-c4noc(=O)[nH]4)nc(-c4cncc(Cl)c4)c3n2C[C@H]2CC[C@H](C)CC2)[C@H](C)C1,7.508638306165727
199,CHEMBL3966426,COCCO[C@H]1C[C@H](C(C)C)N(c2nc3cc(-c4nc(=O)o[nH]4)nc(-c4cncc(Cl)c4)c3n2C[C@H]2CC[C@H](C)CC2)C1,9.0
201,CHEMBL3647045,Cc1ccc(Cn2c(-c3cc(C(C)C)ccn3)nc3cc(C(=O)O)nc(N[C@H](C)C4CCC4)c32)cc1,8.397940008672037
202,CHEMBL3647070,C[C@H]1CC[C@H](Cn2c(N3CCCC4CCCC43)nc3cc(-c4noc(=O)[nH]4)nc(-c4cncc(Cl)c4)c32)CC1,8.698970004336019
204,CHEMBL3654187,CCN(C)C(=O)[C@@H]1CCCN1c1nc2cc(-c3noc(=O)[nH]3)nc(-c3cncc(Cl)c3)c2n1C[C@H]1CC[C@H](C)CC1,7.455931955649724
205,CHEMBL3649844,C[C@H]1CC[C@H](Cn2c(N3CCC[C@H]3C(F)F)nc3cc(-c4noc(=O)[nH]4)nc(-c4cncc(Cl)c4)c32)CC1,9.0
207,CHEMBL3981115,CO[C@H]1C[C@H](C(C)C)N(c2nc3cc(-c4nc(=O)o[nH]4)nc(-c4cncc(Cl)c4)c3n2C[C@H]2CC[C@H](C)CC2)C1,9.0
208,CHEMBL3649865,CN(CC(F)(F)F)c1nc2cc(-c3noc(=O)[nH]3)nc(-c3cncc(Cl)c3)c2n1C[C@H]1CC[C@H](C)CC1,9.0
209,CHEMBL3649873,C[C@H]1CC[C@H](Cn2c(N3CCC34COC4)nc3cc(-c4noc(=O)[nH]4)nc(-c4cncc(Cl)c4)c32)CC1,7.721246399047171
210,CHEMBL3649875,Cc1nc(C2CCCN2c2nc3cc(-c4noc(=O)[nH]4)nc(-c4cncc(Cl)c4)c3n2C[C@H]2CC[C@H](C)CC2)cs1,9.0
211,CHEMBL3647067,C[C@H]1CC[C@H](Cn2c(N3CCOC[C@H]3c3ccccc3)nc3cc(C(=O)O)nc(-c4cncc(Cl)c4)c32)CC1,9.0
212,CHEMBL3647069,C[C@H]1COC[C@H](C)N1c1nc2cc(-c3noc(=O)[nH]3)nc(-c3cncc(Cl)c3)c2n1C[C@H]1CC[C@H](C)CC1,6.804100347590766
213,CHEMBL3649841,C[C@H]1CC[C@H](Cn2c(N3CCCC3COC(F)(F)F)nc3cc(-c4noc(=O)[nH]4)nc(-c4cncc(Cl)c4)c32)CC1,8.154901959985743
215,CHEMBL3649852,C[C@H]1CC[C@H](Cn2c(N3CCCC3c3nccs3)nc3cc(-c4noc(=O)[nH]4)nc(-c4cncc(Cl)c4)c32)CC1,9.0
216,CHEMBL3649866,CO[C@H]1COC[C@@H]1N(C)c1nc2cc(-c3noc(=O)[nH]3)nc(-c3cncc(Cl)c3)c2n1C[C@H]1CC[C@H](C)CC1,7.585026652029182
217,CHEMBL3929391,CC1CCC(Cn2c(N3CCCC4COCCC43)nc3cc(-c4noc(=O)[nH]4)nc(-c4cncc(Cl)c4)c32)CC1,8.096910013008056
218,CHEMBL3649822,C[C@H]1CC[C@H](Cn2c(N3CCOCC3c3ccccc3F)nc3cc(-c4noc(=O)[nH]4)nc(-c4cncc(Cl)c4)c32)CC1,8.096910013008056
219,CHEMBL3649830,C[C@@H]1CCCCN1c1nc2cc(-c3noc(=O)[nH]3)nc(-c3cncc(Cl)c3)c2n1C[C@H]1CC[C@H](C)CC1,8.397940008672037
220,CHEMBL3942858,COC1CC[C@H](C)N(c2nc3cc(-c4nc(=O)o[nH]4)nc(-c4cncc(Cl)c4)c3n2C[C@H]2CC[C@H](C)CC2)C1,8.522878745280337
221,CHEMBL3972127,CC(=O)N1CCN(c2nc3cc(-c4nc(=O)o[nH]4)nc(-c4cncc(Cl)c4)c3n2C[C@H]2CC[C@H](C)CC2)[C@H]2CCC[C@@H]21,8.397940008672037
222,CHEMBL3649977,CCOC(c1ccn(C)n1)c1nc2cc(-c3noc(=O)[nH]3)nc(-c3cncc(Cl)c3)c2n1C[C@H]1CC[C@H](C)CC1,8.522878745280337
223,CHEMBL3649972,C[C@H]1CC[C@H](Cn2c(C(O)c3ccccc3F)nc3cc(-c4noc(=O)[nH]4)nc(-c4cncc(Cl)c4)c32)CC1,8.698970004336019
224,CHEMBL3649815,CCC1COCCN1c1nc2cc(-c3noc(=O)[nH]3)nc(-c3cncc(Cl)c3)c2n1C[C@H]1CC[C@H](C)CC1,8.522878745280337
225,CHEMBL3649823,COC(C)C1CCCN1c1nc2cc(-c3noc(=O)[nH]3)nc(-c3cncc(Cl)c3)c2n1C[C@H]1CC[C@H](C)CC1,8.522878745280337
227,CHEMBL3649862,CC(C)C1C[C@@H](O)CN1c1nc2cc(-c3noc(=O)[nH]3)nc(-c3cncc(Cl)c3)c2n1C[C@H]1CC[C@H](C)CC1,9.0
229,CHEMBL3966472,CC([C@H]1CC[C@H](C)CC1)n1c(N2CCOC[C@@H]2C)nc2cc(-c3nc(=O)o[nH]3)nc(-c3cncc(Cl)c3)c21,8.522878745280337
231,CHEMBL3649926,CO[C@@H]1C[C@@H](CF)N(c2nc3cc(-c4noc(=O)[nH]4)nc(-c4cncc(Cl)c4)c3n2C(C)[C@H]2CC[C@H](C)CC2)C1,9.0
234,CHEMBL3649998,COCC(c1nc2cc(-c3noc(=O)[nH]3)nc(-c3cncc(Cl)c3)c2n1C[C@H]1CC[C@H](C)CC1)C(C)C,8.301029995663981
235,CHEMBL3649877,CCN(CCOC)c1nc2cc(-c3noc(=O)[nH]3)nc(-c3cncc(Cl)c3)c2n1C[C@H]1CC[C@H](C)CC1,7.958607314841775
236,CHEMBL3649879,CC(Nc1nc2cc(-c3noc(=O)[nH]3)nc(-c3cncc(Cl)c3)c2n1C[C@H]1CC[C@H](C)CC1)c1ccccn1,8.698970004336019
239,CHEMBL3649892,COC[C@@H]1C[C@@H](OC)CN1c1nc2cc(-c3noc(=O)[nH]3)nc(-c3cncc(Cl)c3)c2n1C[C@H]1CC[C@H](C)CC1,8.522878745280337
241,CHEMBL3649909,C[C@H]1CC[C@H](Cn2c(N3CCCOC4CCCC43)nc3cc(-c4noc(=O)[nH]4)nc(-c4cncc(Cl)c4)c32)CC1,9.0
242,CHEMBL3649913,COCC(C)Nc1nc2cc(-c3noc(=O)[nH]3)nc(-c3cncc(Cl)c3)c2n1C[C@H]1CC[C@H](C)CC1,7.853871964321762
243,CHEMBL3649920,CN(c1ccccc1)c1nc2cc(-c3noc(=O)[nH]3)nc(-c3cncc(Cl)c3)c2n1C[C@H]1CC[C@H](C)CC1,6.87942606879415
245,CHEMBL3649932,C[C@@H]1CN(C(=O)C2CC2)C[C@@H](C)N1c1nc2cc(-c3noc(=O)[nH]3)nc(-c3cncc(Cl)c3)c2n1C[C@H]1CC[C@H](C)CC1,9.0
246,CHEMBL3978308,C[C@H]1CN(C(=O)C2CCC2)C[C@H](C)N1c1nc2cc(-c3nc(=O)o[nH]3)nc(-c3cncc(Cl)c3)c2n1C[C@H]1CC[C@H](C)CC1,9.0
249,CHEMBL3647046,C[C@H]1CC[C@H](Cn2c(N3CCOC[C@H]3c3ccccc3)nc3cc(-c4noc(=O)[nH]4)nc(-c4cncc(Cl)c4)c32)CC1,9.0
250,CHEMBL3647047,C[C@H]1CC[C@H](Cn2c(N3CCOC[C@H]3c3ccccc3)nc3cc(-c4n[nH]c(=O)o4)nc(-c4cncc(Cl)c4)c32)CC1,9.0
251,CHEMBL3647058,C[C@H]1CC[C@H](Cn2c(N3CCC[C@H]3CF)nc3cc(-c4n[nH]c(=O)o4)nc(-c4cncc(Cl)c4)c32)CC1,8.397940008672037
253,CHEMBL3649847,C[C@H]1CC[C@H](Cn2c(N3CCCC34CCOCC4)nc3cc(-c4noc(=O)[nH]4)nc(-c4cncc(Cl)c4)c32)CC1,8.522878745280337
254,CHEMBL3649869,C[C@H]1CC[C@H](Cn2c(Nc3ccccc3F)nc3cc(-c4noc(=O)[nH]4)nc(-c4cncc(Cl)c4)c32)CC1,9.0
255,CHEMBL3649870,CCn1nccc1C1CCCN1c1nc2cc(-c3noc(=O)[nH]3)nc(-c3cncc(Cl)c3)c2n1C[C@H]1CC[C@H](C)CC1,8.522878745280337
256,CHEMBL3647053,C[C@H]1CC[C@H](Cn2c(N3CCCC3C(F)(F)F)nc3cc(-c4noc(=O)[nH]4)nc(-c4cncc(Cl)c4)c32)CC1,9.0
258,CHEMBL3649846,C[C@H]1CC[C@H](Cn2c(N3CCCC34CCOC4)nc3cc(-c4noc(=O)[nH]4)nc(-c4cncc(Cl)c4)c32)CC1,8.221848749616356
259,CHEMBL3649853,Cc1cc(C2CCCN2c2nc3cc(-c4noc(=O)[nH]4)nc(-c4cncc(Cl)c4)c3n2C[C@H]2CC[C@H](C)CC2)on1,8.698970004336019
260,CHEMBL3649867,Cn1cc(C2CCCN2c2nc3cc(-c4noc(=O)[nH]4)nc(-c4cncc(Cl)c4)c3n2C[C@H]2CC[C@H](C)CC2)nn1,7.886056647693163
261,CHEMBL3649876,COCCN(C)c1nc2cc(-c3noc(=O)[nH]3)nc(-c3cncc(Cl)c3)c2n1C[C@H]1CC[C@H](C)CC1,7.3872161432802645
262,CHEMBL3969880,CO[C@H]1CCN(c2nc3cc(-c4nc(=O)o[nH]4)nc(-c4cncc(Cl)c4)c3n2C[C@H]2CC[C@H](C)CC2)[C@@H](C)C1,7.795880017344075
263,CHEMBL4113308,CC1CCC(Cn2c(N3CCO[C@@H]4CN(Cc5ccccc5)CC[C@H]43)nc3cc(-c4noc(=O)[nH]4)nc(-c4cncc(Cl)c4)c32)CC1,6.889410289700751
264,CHEMBL3649893,C[C@H]1CC[C@H](Cn2c(N3CC(O)CC4CCCCC43)nc3cc(-c4noc(=O)[nH]4)nc(-c4cncc(Cl)c4)c32)CC1,9.0
265,CHEMBL3971691,CC1CO[C@H]2CCC[C@@H]2N1c1nc2cc(-c3nc(=O)o[nH]3)nc(-c3cncc(Cl)c3)c2n1C[C@H]1CC[C@H](C)CC1,9.0
267,CHEMBL3649910,CC1N(c2nc3cc(-c4noc(=O)[nH]4)nc(-c4cncc(Cl)c4)c3n2C[C@H]2CC[C@H](C)CC2)CCOC1(C)C,7.769551078621726
268,CHEMBL3915460,Cc1cccc(-c2nc3cc(C(=O)O)nc(N[C@@H](C)C4CCC4)c3n2Cc2ccc(C(F)(F)F)cc2)c1,6.913640169325252
269,CHEMBL3647051,C[C@H]1CC[C@H](Cn2c(N3CCC[C@H]3CF)nc3cc(-c4noc(=O)[nH]4)nc(-c4cncc(Cl)c4)c32)CC1,9.0
271,CHEMBL3931087,C[C@H]1COC[C@H](C)N1c1nc2cc(-c3nnc(O)o3)nc(-c3cncc(Cl)c3)c2n1C[C@H]1CC[C@H](C)CC1,8.154901959985743
273,CHEMBL3649818,CC1COCCCN1c1nc2cc(-c3noc(=O)[nH]3)nc(-c3cncc(Cl)c3)c2n1C[C@H]1CC[C@H](C)CC1,7.795880017344075
275,CHEMBL3649836,C[C@H]1CC[C@H](Cn2c(N3CCOC4COCC43)nc3cc(-c4noc(=O)[nH]4)cc(-c4cncc(Cl)c4)c32)CC1,7.5376020021010435
278,CHEMBL3649912,C[C@H]1CC[C@H](Cn2c(NCc3ccccc3)nc3cc(-c4noc(=O)[nH]4)nc(-c4cncc(Cl)c4)c32)CC1,8.301029995663981
284,CHEMBL3649911,CC1CN(c2nc3cc(-c4noc(=O)[nH]4)nc(-c4cncc(Cl)c4)c3n2C[C@H]2CC[C@H](C)CC2)C2CCCCC2O1,8.522878745280337
285,CHEMBL3649916,CC1CN(c2nc3cc(-c4noc(=O)[nH]4)nc(-c4cncc(Cl)c4)c3n2C[C@H]2CC[C@H](C)CC2)[C@H](C)[C@@H](C)O1,7.769551078621726
286,CHEMBL3649917,COCC(C)N(C)c1nc2cc(-c3noc(=O)[nH]3)nc(-c3cncc(Cl)c3)c2n1C[C@H]1CC[C@H](C)CC1,7.376750709602099
287,CHEMBL3649919,C[C@H]1CC[C@H](Cn2c(Nc3ccccn3)nc3cc(C(=O)O)nc(-c4cncc(Cl)c4)c32)CC1,7.3979400086720375
289,CHEMBL3649931,C[C@@H]1CN(C(=O)C2CC2)CCN1c1nc2cc(-c3noc(=O)[nH]3)nc(-c3cncc(Cl)c3)c2n1C[C@H]1CC[C@H](C)CC1,8.301029995663981
290,CHEMBL3649952,C[C@@H]1CN(C(=O)C2(F)CC2)C[C@@H](C)N1c1nc2cc(-c3noc(=O)[nH]3)nc(-c3cncc(Cl)c3)c2n1C[C@H]1CC[C@H](C)CC1,9.0
294,CHEMBL3649826,CC(C)(C)C1CCCN1c1nc2cc(-c3noc(=O)[nH]3)nc(-c3cncc(Cl)c3)c2n1C[C@H]1CC[C@H](C)CC1,8.522878745280337
296,CHEMBL3943959,CCOC(=O)c1cc2nc(N3CCOC[C@H]3c3ccccc3)n(CC3CCC(C)CC3)c2c(-c2cncc(Cl)c2)n1,7.275724130399211
297,CHEMBL3653337,C[C@H]1CC[C@H](Cn2c(N3CCOC[C@H]3c3ccccc3)nc3cc(-c4noc(=O)[nH]4)nc(OCC4CCC4)c32)CC1,7.431798275933005
298,CHEMBL3649987,CC(c1ncccc1F)c1nc2cc(-c3noc(=O)[nH]3)nc(-c3cncc(Cl)c3)c2n1C[C@H]1CC[C@H](C)CC1,8.397940008672037
299,CHEMBL3649832,C[C@H]1CC[C@H](Cn2c(N3CCO[C@@H]4CCC[C@H]43)nc3cc(C(=O)O)nc(-c4cncc(Cl)c4)c32)CC1,8.698970004336019
302,CHEMBL3649839,CCc1noc(C)c1C1CCCN1c1nc2cc(-c3noc(=O)[nH]3)nc(-c3cncc(Cl)c3)c2n1C[C@H]1CC[C@H](C)CC1,7.769551078621726
303,CHEMBL3649881,COC[C@@H]1CC[C@@H](COC)N1c1nc2cc(-c3noc(=O)[nH]3)nc(-c3cncc(Cl)c3)c2n1C[C@H]1CC[C@H](C)CC1,8.698970004336019
307,CHEMBL3649817,CC1CN(c2nc3cc(-c4noc(=O)[nH]4)nc(-c4cncc(Cl)c4)c3n2C[C@H]2CC[C@H](C)CC2)C(C)CO1,7.698970004336019
309,CHEMBL3649828,CCC(C)(C)C1CCCN1c1nc2cc(-c3noc(=O)[nH]3)nc(-c3cncc(Cl)c3)c2n1C[C@H]1CC[C@H](C)CC1,8.698970004336019
310,CHEMBL3984635,CO[C@H]1C[C@H](C)N(c2nc3cc(-c4nc(=O)o[nH]4)nc(-c4cncc(Cl)c4)c3n2C[C@H]2CC[C@H](C)CC2)C1,8.397940008672037
312,CHEMBL3649880,CCNC(=O)[C@@H]1CCCN1c1nc2cc(-c3noc(=O)[nH]3)nc(-c3cncc(Cl)c3)c2n1C[C@H]1CC[C@H](C)CC1,6.841637507904751
314,CHEMBL3906549,Cc1c(-c2nc(=O)o[nH]2)nc(-c2cncc(Cl)c2)c2c1nc(N1CCO[C@H]3CCC[C@@H]31)n2C[C@H]1CC[C@H](C)CC1,8.698970004336019
315,CHEMBL3890287,CN(C)c1ncc(Cl)cc1-c1nc(-c2nc(=O)o[nH]2)cc2nc(N3CCO[C@H]4CCC[C@@H]43)n(C[C@H]3CC[C@H](C)CC3)c12,8.698970004336019
317,CHEMBL3653327,C[C@H]1CC[C@H](Cn2c(N3CCOC[C@H]3c3ccccc3)nc3cc(-c4noc(=O)[nH]4)nc(-c4cncnc4)c32)CC1,7.187086643357144
318,CHEMBL3653329,C[C@H]1CC[C@H](Cn2c(N3CCOC[C@H]3c3ccccc3)nc3cc(-c4noc(=O)[nH]4)nc(-c4ccnnc4)c32)CC1,7.142667503568732
319,CHEMBL3653336,C[C@H]1CC[C@H](Cn2c(N3CCOC[C@H]3c3ccccc3)nc3cc(C4CC=CC(=O)N4)nc(-c4cncc(Cl)c4)c32)CC1,7.154901959985743
320,CHEMBL3938875,Cc1c(C(=O)O)nc(N[C@@H](C)C2CCC2)c2c1nc(-c1cc(C(C)C)ccn1)n2Cc1ccc(C(F)(F)F)cc1,7.221848749616356
322,CHEMBL3649905,C[C@H]1CC[C@H](Cn2c(N3CCOC[C@H]3c3ccccn3)nc3cc(-c4noc(=O)[nH]4)nc(-c4cncc(Cl)c4)c32)CC1,9.0
323,CHEMBL3649906,C[C@H]1CC[C@H](Cn2c(N3CCOC4CCOCC43)nc3cc(-c4noc(=O)[nH]4)nc(-c4cncc(Cl)c4)c32)CC1,7.6777807052660805
324,CHEMBL3649907,C[C@H]1CC[C@H](Cn2c(N3CCOC4COCC43)nc3cc(-c4noc(=O)[nH]4)nc(-c4cncc(Cl)c4)c32)CC1,8.522878745280337
328,CHEMBL3649921,CN(c1ccccc1)c1nc2cc(C(=O)O)nc(-c3cncc(Cl)c3)c2n1C[C@H]1CC[C@H](C)CC1,7.0655015487564325
331,CHEMBL3965668,CCOC(=O)N1C[C@H](C)N(c2nc3cc(-c4nc(=O)o[nH]4)nc(-c4cncc(Cl)c4)c3n2C[C@H]2CC[C@H](C)CC2)[C@@H](C)C1,8.698970004336019
332,CHEMBL3954453,CCC(=O)N1C[C@H](C)N(c2nc3cc(-c4nc(=O)o[nH]4)nc(-c4cncc(Cl)c4)c3n2C[C@H]2CC[C@H](C)CC2)[C@@H](C)C1,8.522878745280337
333,CHEMBL3649957,C[C@@H]1CN(C(=O)C2COC2)C[C@@H](C)N1c1nc2cc(-c3noc(=O)[nH]3)nc(-c3cncc(Cl)c3)c2n1C[C@H]1CC[C@H](C)CC1,8.397940008672037
334,CHEMBL3649958,COCC(=O)N1C[C@@H](C)N(c2nc3cc(-c4noc(=O)[nH]4)nc(-c4cncc(Cl)c4)c3n2C[C@H]2CC[C@H](C)CC2)[C@H](C)C1,8.0
340,CHEMBL3649819,CC(C)C1CCCN1c1nc2cc(-c3noc(=O)[nH]3)nc(-c3cncc(Cl)c3)c2n1C[C@H]1CC[C@H](C)CC1,9.0
341,CHEMBL3968578,C[C@H]1CC[C@H](C)N1c1nc2cc(-c3nc(=O)o[nH]3)nc(-c3cncc(Cl)c3)c2n1C[C@H]1CC[C@H](C)CC1,8.698970004336019
342,CHEMBL3649821,C[C@H]1CC[C@H](Cn2c(N3CCC[C@H]3C(F)(F)F)nc3cc(C(=O)O)nc(-c4cncc(Cl)c4)c32)CC1,9.0
344,CHEMBL3653325,CNc1ncc(Cl)cc1-c1nc(-c2noc(=O)[nH]2)cc2nc(N3CCO[C@@H]4CCC[C@H]43)n(C[C@H]3CC[C@H](C)CC3)c12,8.698970004336019
345,CHEMBL3649994,CCOCC(C)c1nc2cc(-c3noc(=O)[nH]3)nc(-c3cncc(Cl)c3)c2n1C[C@H]1CC[C@H](C)CC1,8.096910013008056
347,CHEMBL3914761,CCC1CCC(Cn2c(N3CCO[C@H]4CCC[C@@H]43)nc3cc(-c4nc(=O)o[nH]4)nc(-c4cncc(Cl)c4)c32)C1,7.795880017344075
348,CHEMBL3653326,C[C@H]1CC[C@H](Cn2c(N3CCOC[C@H]3c3ccccc3)nc3cc(-c4noc(=O)[nH]4)nc(-c4cc(Cl)c[nH]c4=O)c32)CC1,9.0
349,CHEMBL3952519,C[C@H]1CCCN1c1nc2cc(-c3nc(=O)o[nH]3)nc(-c3cncc(Cl)c3)c2n1C[C@H]1CC[C@H](C)CC1,8.397940008672037
350,CHEMBL3649854,Cc1noc(C)c1C1CCCN1c1nc2cc(-c3noc(=O)[nH]3)nc(-c3cncc(Cl)c3)c2n1C[C@H]1CC[C@H](C)CC1,7.958607314841775
351,CHEMBL4111957,CC1CCC(Cn2c(N3CCO[C@@H]4CNCC[C@H]43)nc3cc(-c4noc(=O)[nH]4)nc(-c4cncc(Cl)c4)c32)CC1,6.29073003902417
354,CHEMBL3649940,CC(C)OC(=O)N1C[C@@H](C)N(c2nc3cc(-c4noc(=O)[nH]4)nc(-c4cncc(Cl)c4)c3n2C[C@H]2CC[C@H](C)CC2)[C@H](C)C1,8.522878745280337
355,CHEMBL3963317,C[C@H]1CC[C@H](Cn2c(N3CCN(C(=O)C4CCC4)[C@H]4CCC[C@@H]43)nc3cc(-c4nc(=O)o[nH]4)nc(-c4cncc(Cl)c4)c32)CC1,8.301029995663981
